ID,Name,Glottocode,Glottolog_Name,ISO639P3code,Macroarea,Family
anga1293,Angal-Mendi,anga1293,,,,
orej1242,Orejon,orej1242,,,,
ibal1244,Ibaloi-Inibaloi,ibal1244,,,,
maja1242,Majang,maja1242,,,,
bazi1237,Bazigar,bazi1237,,,,
khez1235,Naga-Khezha,khez1235,,,,
loth1237,Naga-Lotha,loth1237,,,,
sioo1240,Sio,sioo1240,,,,
gela1264,Mulao,gela1264,,,,
tind1238,Tindi,tind1238,,,,
mlab1235,Mlabri,mlab1235,,,,
nucl1460,Madurese,nucl1460,,,,
siwu1238,Siwu,siwu1238,,,,
vang1243,Vangunu,vang1243,,,,
mara1385,Marka,mara1385,,,,
mugo1238,Mugom,mugo1238,,,,
vale1250,Vale,vale1250,,,,
abua1244,Abua,abua1244,,,,
hung1263,Hungarian,hung1263,,,,
zoog1238,Zapotec-Zoogocho,zoog1238,,,,
giry1241,Giryama,giry1241,,,,
west2392,Mari-West,west2392,,,,
efee1239,Efe,efee1239,,,,
dhar1247,Harari,dhar1247,,,,
abid1235,Abidji,abid1235,,,,
rohi1238,Rohingaya,rohi1238,,,,
tugu1246,Tugutil,tugu1246,,,,
plai1258,Cree-Plain,plai1258,,,,
kang1288,Kwanga,kang1288,,,,
alun1238,Alune,alun1238,,,,
nama1268,Namakura,nama1268,,,,
quap1242,Quapaw,quap1242,,,,
alor1247,Palor,alor1247,,,,
iwur1240,Iwur-Morop,iwur1240,,,,
nort2954,Pame-Northern,nort2954,,,,
komo1260,Komo,komo1260,,,,
guan1266,Guanyinqiao,guan1266,,,,
west2456,West-Xwla-Gbe,west2456,,,,
keak1239,Kemak,keak1239,,,,
beav1236,Beaver,beav1236,,,,
roma1328,Romagnolo,roma1328,,,,
sinh1246,Sinhala,sinh1246,,,,
nopa1235,Chatino-Nopala,nopa1235,,,,
wers1238,Wersing,wers1238,,,,
hamt1247,Hamtai,hamt1247,,,,
sumb1241,Sumbawa,sumb1241,,,,
nort2819,Bobo-Madare-Northern,nort2819,,,,
nort2967,Pomo-Southeastern,nort2967,,,,
tomm1242,Tommo So Dogon,tomm1242,,,,
sang1320,Sangkong,sang1320,,,,
xibe1242,Xibe,xibe1242,,,,
guat1253,Guato,guat1253,,,,
mauw1238,Mauwake,mauw1238,,,,
kela1258,Kelabit,kela1258,,,,
hual1241,Quechua-Huallaga,hual1241,,,,
cand1248,Candoshi-Shapra,cand1248,,,,
boko1267,Bokobaru,boko1267,,,,
kara1495,Karaw,kara1495,,,,
istr1245,Istroromanian,istr1245,,,,
sart1249,Sartang,sart1249,,,,
kwan1285,Kwang,kwan1285,,,,
lomb1257,Lombard,lomb1257,,,,
pira1254,Piratapuyo,pira1254,,,,
lada1244,Ladakhi,lada1244,,,,
lang1324,Lango,lang1324,,,,
soko1263,Sokoro,soko1263,,,,
achu1248,Achuar,achu1248,,,,
musi1241,Mursi,musi1241,,,,
long1395,Longgu,long1395,,,,
weno1238,Yukaghir-Northern,weno1238,,,,
saru1242,Sarudu,saru1242,,,,
iama1237,Iamalele,iama1237,,,,
molo1266,Moloko,molo1266,,,,
koma1266,Komba,koma1266,,,,
aust1304,Austral-Rurutu,aust1304,,,,
taus1251,Tausug,taus1251,,,,
uman1240,Umanakaina,uman1240,,,,
murl1244,Murle,murl1244,,,,
hanu1241,Hanunoo,hanu1241,,,,
maas1239,Fulfulde-Maasina,maas1239,,,,
khal1270,Khalaj,khal1270,,,,
momj1237,Mom-Jango,momj1237,,,,
sout2956,Haida-Northern,sout2956,,,,
keii1239,Kemi,keii1239,,,,
kapi1250,Kapin,kapi1250,,,,
yimc1240,Yimchungru-Naga,yimc1240,,,,
nuer1246,Nuer,nuer1246,,,,
irig1241,Irigwe,irig1241,,,,
sout2730,Sami-Southern,sout2730,,,,
arbo1245,Arbore,arbo1245,,,,
bila1255,Bila,bila1255,,,,
habu1241,Habun,habu1241,,,,
teop1238,Teop,teop1238,,,,
tigr1270,Tigre,tigr1270,,,,
buku1249,Mbukushu,buku1249,,,,
kwaa1265,Niger-Congo-Kwa,kwaa1265,,,,
svan1243,Svan,svan1243,,,,
wala1266,Uripiv-Wala-Rano,wala1266,,,,
tera1251,Tera,tera1251,,,,
rere1240,Rerep,rere1240,,,,
naba1253,Naba,naba1253,,,,
gava1241,Avar,gava1241,,,,
hupl1238,Hupa,hupl1238,,,,
mang1403,Mangseng,mang1403,,,,
akpe1248,Akpes-Ekiromi,akpe1248,,,,
lewo1243,Lewo,lewo1243,,,,
rang1266,Rangkas,rang1266,,,,
cane1242,Canela,cane1242,,,,
chuv1255,Chuvash,chuv1255,,,,
wole1240,Woleaian,wole1240,,,,
wabo1240,Wabo-Papua,wabo1240,,,,
burm1264,Burmese,burm1264,,,,
urar1246,Urarina,urar1246,,,,
tiwi1244,Tiwi,tiwi1244,,,,
tere1272,Luro-Teressa,tere1272,,,,
nari1240,Narim-Larim,nari1240,,,,
chut1247,Chut,chut1247,,,,
ngai1241,Ngaing,ngai1241,,,,
bima1247,Bima,bima1247,,,,
mara1404,Maranao,mara1404,,,,
dorz1235,Dorze,dorz1235,,,,
akpa1238,Dakpa,akpa1238,,,,
lakk1238,Lakkia,lakk1238,,,,
guib1246,Bete-Guiberoua,guib1246,,,,
anus1237,Anus-Sobei,anus1237,,,,
naii1241,Nayi,naii1241,,,,
bhil1251,Bhili-AhwaDangs,bhil1251,,,,
vaoo1237,Vao-Vanuatu,vaoo1237,,,,
manc1252,Manchu,manc1252,,,,
sang1330,Sangu,sang1330,,,,
bish1244,Bishnupriya,bish1244,,,,
mehr1241,Mehri,mehr1241,,,,
sant1439,Mixteco-Santa-Lucia-Monteverde,sant1439,,,,
baba1264,Baba,baba1264,,,,
mare1261,Dineor-Maremgi,mare1261,,,,
shah1253,Shahmirzadi,shah1253,,,,
binu1245,Binumarien,binu1245,,,,
nyan1307,Nyankole,nyan1307,,,,
bend1258,Bende,bend1258,,,,
waur1244,Waura,waur1244,,,,
amal1242,Damal,amal1242,,,,
chew1245,Chewong,chew1245,,,,
kuma1273,Kumaoni,kuma1273,,,,
peka1242,Pekal,peka1242,,,,
siaw1243,Sawi,siaw1243,,,,
niua1240,Niuafoou,niua1240,,,,
nusu1239,Nuu,nusu1239,,,,
tala1295,Tal,tala1295,,,,
buga1247,Bugan-Mk,buga1247,,,,
hakk1236,Chinese-Hakka-Yuedong,hakk1236,,,,
bola1250,Bola-AN,bola1250,,,,
kare1348,Karekare,kare1348,,,,
even1260,Even,even1260,,,,
moun1252,Koiali-Mountain,moun1252,,,,
tian1237,Tiang,tian1237,,,,
wand1267,Wandamen,wand1267,,,,
pamo1253,Pamosu,pamo1253,,,,
omah1247,Omaha-Ponca,omah1247,,,,
yoga1237,Yogad,yoga1237,,,,
gonj1241,Gonja,gonj1241,,,,
mara1396,Marwari,mara1396,,,,
indo1317,Indonesian-Bahasa,indo1317,,,,
calu1238,Caluyanun,calu1238,,,,
stra1244,Salish-Straits,stra1244,,,,
sing1264,Jingpho,sing1264,,,,
komp1237,Kompane,komp1237,,,,
somr1240,Somray,somr1240,,,,
matb1237,Matbat,matb1237,,,,
pard1243,Pardhi,pard1243,,,,
seta1246,Setamin,seta1246,,,,
kuan1248,Kuanua,kuan1248,,,,
wush1238,Wusi,wush1238,,,,
limb1266,Limbum,limb1266,,,,
saur1249,Malto-Sauria Paharia,saur1249,,,,
apal1256,Apali-PNG,apal1256,,,,
bant1281,Bantawa,bant1281,,,,
bata1292,Batak-Alas,bata1292,,,,
duwe1237,Guwot-Duwet,duwe1237,,,,
kaan1246,Kansa,kaan1246,,,,
neng1238,Nengone,neng1238,,,,
puna1274,Punan-Merah,puna1274,,,,
swab1242,Swabian,swab1242,,,,
busa1253,Busa,busa1253,,,,
ekaj1238,Ekajuk,ekaj1238,,,,
bwat1240,Bwatoo,bwat1240,,,,
sout2785,Gbaya-Southwest,sout2785,,,,
atti1239,Attie,atti1239,,,,
xwel1235,Xwela-Gbe,xwel1235,,,,
gwic1235,Gwichin,gwic1235,,,,
gbay1281,Gbaya-Mbodomo,gbay1281,,,,
nong1247,Nong Zhuang,nong1247,,,,
dhao1237,Ndao-Dhao,dhao1237,,,,
yucu1253,Yucuna,yucu1253,,,,
dwan1238,Dwang,dwan1238,,,,
miqi1235,Yi-Miqie-Micha,miqi1235,,,,
ambe1247,Amele,ambe1247,,,,
katb1237,Katbol,katb1237,,,,
weso1238,Southern Pashtu,weso1238,,,,
khan1278,Khana,khan1278,,,,
okan1243,Okanagan,okan1243,,,,
meos1237,Meoswar,meos1237,,,,
bina1271,Bina,bina1271,,,,
maaa1253,Mafa,maaa1253,,,,
kala1388,Kalagan-Musilim,kala1388,,,,
sabu1255,Sabum,sabu1255,,,,
fyer1241,Fer,fyer1241,,,,
legb1242,Leggbo,legb1242,,,,
suku1261,Sukuma,suku1261,,,,
baga1270,Baga-Mandori,baga1270,,,,
aleu1260,Aleut,aleu1260,,,,
turu1249,Trung,turu1249,,,,
sout2905,Southern Sama,sout2905,,,,
maru1252,Marubo,maru1252,,,,
tata1258,Chatino-Zacatepec,tata1258,,,,
nami1256,Namia,nami1256,,,,
cara1272,Carapana,cara1272,,,,
ango1254,Anggor,ango1254,,,,
bign1238,Big-Nambas,bign1238,,,,
maku1278,Makurap,maku1278,,,,
bura1276,Burate,bura1276,,,,
kuam1234,Yi-Kuamasi,kuam1234,,,,
tika1246,Tikar,tika1246,,,,
afar1241,Afar,afar1241,,,,
madu1248,Kalinga-Madukayang,madu1248,,,,
taki1248,Takia,taki1248,,,,
ulch1241,Ulcha,ulch1241,,,,
bett1235,Kurumba-Betta,bett1235,,,,
assa1263,Assamese,assa1263,,,,
iowa1245,Iowa-Oto,iowa1245,,,,
budu1248,Budukh,budu1248,,,,
marg1251,Maru,marg1251,,,,
zuni1245,Zuni,zuni1245,,,,
piti1243,Spiti,piti1243,,,,
lonc1237,Loncong,lonc1237,,,,
sapo1254,Saponi,sapo1254,,,,
hann1241,Han-Athascan,hann1241,,,,
twen1242,Twendi,twen1242,,,,
koko1269,Kokota,koko1269,,,,
noon1243,Noone,noon1243,,,,
yang1286,Zhuang-Yang,yang1286,,,,
faro1244,Farose,faro1244,,,,
otda1235,Ot-Danum-Dohoi,otda1235,,,,
amba1265,Ambai,amba1265,,,,
seve1240,Ojibwa-Severn,seve1240,,,,
east2485,Penan-Western,east2485,,,,
dend1243,Dendi,dend1243,,,,
nezp1238,Nez-Perce,nezp1238,,,,
biao1256,Mon,biao1256,,,,
bava1246,Bavarian,bava1246,,,,
sata1237,Satawalese,sata1237,,,,
naas1242,Naasioi,naas1242,,,,
wola1242,Wolaitta,wola1242,,,,
kate1253,Kate,kate1253,,,,
vili1238,Vili,vili1238,,,,
ndas1238,Ndasa,ndas1238,,,,
ronn1241,Ron,ronn1241,,,,
sunw1242,Sunwar,sunw1242,,,,
lakk1252,Laki,lakk1252,,,,
dung1251,Dungra Bhil,dung1251,,,,
afri1274,Afrikaans,afri1274,,,,
sout2943,Tairora-North,sout2943,,,,
mapu1244,Jama-Mapun,mapu1244,,,,
hmon1331,Shua,hmon1331,,,,
erok1237,Erokwanas,erok1237,,,,
mzie1235,Mzieme-Naga,mzie1235,,,,
cent2142,Aymara-Central,cent2142,,,,
bang1368,Bangani,bang1368,,,,
pomo1271,Pom,pomo1271,,,,
taii1241,Tai-Lu,taii1241,,,,
term1237,Termanu,term1237,,,,
pana1307,Panare,pana1307,,,,
boko1263,Boko,boko1263,,,,
rend1243,Rendille,rend1243,,,,
poko1261,Pokomo-Lower,poko1261,,,,
yugh1239,Yugh,yugh1239,,,,
nort2740,Thai,nort2740,,,,
lith1251,Lithuanian,lith1251,,,,
ngba1284,Ngbaka,ngba1284,,,,
namo1248,Fijian-Namosi-Naitasiri-Serua,namo1248,,,,
noct1238,Nocte-Naga,noct1238,,,,
bamb1265,Bambalang,bamb1265,,,,
kond1303,Konda-PNG,kond1303,,,,
onoo1246,Ono-Morobe,onoo1246,,,,
dawa1242,Dawawa,dawa1242,,,,
lish1247,Lishana Deni,lish1247,,,,
mans1262,Mansaka,mans1262,,,,
chop1243,Hopi,chop1243,,,,
saba1276,Saban,saba1276,,,,
fore1265,Forest-Nenets,fore1265,,,,
dzao1238,Dzao-Min,dzao1238,,,,
mang1401,Mangareva,mang1401,,,,
pula1263,Pulaar,pula1263,,,,
mini1256,Huitoto-Minica,mini1256,,,,
bobo1254,Bobot,bobo1254,,,,
jimi1255,Jimi-Nigeria,jimi1255,,,,
tulu1259,Tulu,tulu1259,,,,
aich1238,Ai-Cham,aich1238,,,,
jude1258,Georgian,jude1258,,,,
edei1246,Ica,edei1246,,,,
finn1318,Finnish-Tornedalen,finn1318,,,,
argu1237,Arguni,argu1237,,,,
noma1260,Nomaande,noma1260,,,,
wals1238,Walser,wals1238,,,,
mato1252,Mato-Nenaya,mato1252,,,,
bhoj1244,Bhojpuri,bhoj1244,,,,
nort2972,Northern Khmer,nort2972,,,,
nemi1240,Nemi,nemi1240,,,,
kaya1315,Kayan-Padaung,kaya1315,,,,
toll1241,Tol,toll1241,,,,
arii1243,Aari,arii1243,,,,
seme1247,Semelai,seme1247,,,,
kryt1240,Kryts,kryt1240,,,,
mara1399,Maragus-Tape,mara1399,,,,
kala1372,Kalasha-ala,kala1372,,,,
capa1241,Capanahua,capa1241,,,,
yidg1240,Yidgha,yidg1240,,,,
cent2004,Bai-Central,cent2004,,,,
cacg1235,Roglai-Cat-Gia,cacg1235,,,,
gura1251,Gurani,gura1251,,,,
tola1247,Tolaki,tola1247,,,,
kina1250,Kinaray-a,kina1250,,,,
chau1258,Sanenyo-Chaura,chau1258,,,,
bodo1266,Bodo-Parja,bodo1266,,,,
kapy1238,Kapya,kapy1238,,,,
nook1247,Nooksack,nook1247,,,,
rong1264,Rongpo,rong1264,,,,
goem1240,Goemai,goem1240,,,,
yeru1240,Yerukula,yeru1240,,,,
koro1298,Koromfe,koro1298,,,,
bayo1255,Bayot-GuineaB,bayo1255,,,,
mang1394,Mangbetu,mang1394,,,,
mong1344,Khamnigan Mongol,mong1344,,,,
achi1256,Kachi,achi1256,,,,
kair1263,Kairiru,kair1263,,,,
bada1257,Badaga,bada1257,,,,
adan1251,Adang,adan1251,,,,
sout2789,Dagaare-Northern,sout2789,,,,
yinc1238,Yinchia,yinc1238,,,,
bare1279,Barein,bare1279,,,,
pono1240,Ponosakan,pono1240,,,,
sawi1256,Sawila,sawi1256,,,,
savo1255,Savosavo,savo1255,,,,
ormu1248,Ormu,ormu1248,,,,
merl1237,Merlav,merl1237,,,,
acol1236,Acholi,acol1236,,,,
sika1262,Sikka,sika1262,,,,
mpur1239,Mpur,mpur1239,,,,
nucl1240,Mumuye,nucl1240,,,,
luwo1239,Luwo,luwo1239,,,,
udmu1245,Udmurt,udmu1245,,,,
siwa1245,Siwai-Motuna,siwa1245,,,,
khin1240,Khinalugh,khin1240,,,,
gali1262,Carib,gali1262,,,,
nyar1245,Senufo-Niarafolo,nyar1245,,,,
nisa1239,Nisa,nisa1239,,,,
pait1244,Paite,pait1244,,,,
faiw1243,Faiwol,faiw1243,,,,
bisu1244,Bisu,bisu1244,,,,
kway1241,Kwaya,kway1241,,,,
tamn1235,Citak,tamn1235,,,,
ndut1239,Ndut,ndut1239,,,,
enga1252,Senga,enga1252,,,,
tibe1272,Central-Tibetan,tibe1272,,,,
kasa1248,Kisanga,kasa1248,,,,
noma1263,Nomatsiguenga,noma1263,,,,
bara1371,Baras,bara1371,,,,
diii1241,Dizi,diii1241,,,,
koro1312,Korowai,koro1312,,,,
meke1243,Mekeo,meke1243,,,,
udii1243,Udi,udii1243,,,,
mamu1254,Mamusi,mamu1254,,,,
buki1249,Bukiyip,buki1249,,,,
surs1246,Sururunga,surs1246,,,,
pagu1249,Pagu,pagu1249,,,,
seek1238,Seeku,seek1238,,,,
poch1243,Pochury-Naga,poch1243,,,,
igna1246,Ignaciano,igna1246,,,,
east2486,Berawan-East,east2486,,,,
west2555,Western Bukidnon Manobo,west2555,,,,
onge1236,Ngeq,onge1236,,,,
odua1238,Odual,odua1238,,,,
bora1263,Bora,bora1263,,,,
anuf1239,Anufo,anuf1239,,,,
duma1253,Duma,duma1253,,,,
buna1277,Una,buna1277,,,,
enya1247,Menya,enya1247,,,,
eggo1239,Eggon,eggo1239,,,,
lari1255,Larike-Wakasihu,lari1255,,,,
odia1239,Odiai-Busa,odia1239,,,,
lart1238,Larteh,lart1238,,,,
tule1244,Tulehu,tule1244,,,,
nanc1253,Nancere,nanc1253,,,,
metl1238,Mixteco-Metlatonic,metl1238,,,,
suri1273,Surigaonon,suri1273,,,,
kuan1247,Kunama,kuan1247,,,,
blan1242,Bulang,blan1242,,,,
dill1242,Dilling,dill1242,,,,
beso1237,Besoa,beso1237,,,,
teke1275,Teke-Tyee,teke1275,,,,
tief1242,Tiefo,tief1242,,,,
papi1254,Papitalai,papi1254,,,,
tugu1245,Tugun,tugu1245,,,,
kats1235,Katso,kats1235,,,,
para1301,Parauk,para1301,,,,
bino1237,Itneg-Binongan,bino1237,,,,
koal1240,Koalib,koal1240,,,,
bouy1240,Bouyi,bouy1240,,,,
lano1248,Lanoh,lano1248,,,,
sout2866,Marquesan-South,sout2866,,,,
bubi1250,Ubi,bubi1250,,,,
bier1244,Bierebo,bier1244,,,,
kull1236,Kullu Pahari,kull1236,,,,
hani1248,Honi-Hani,hani1248,,,,
muru1274,Huitoto-Murui,muru1274,,,,
como1259,Comox,como1259,,,,
lamn1239,Lamnso,lamn1239,,,,
west2516,Uvea-West,west2516,,,,
shes1236,Kham-Sheshi,shes1236,,,,
biyo1243,Iyo,biyo1243,,,,
siri1278,Siroi,siri1278,,,,
asho1236,Chin-Asho,asho1236,,,,
lare1249,Larevat,lare1249,,,,
anga1288,Sangtam-Naga,anga1288,,,,
vedd1240,Vedda,vedd1240,,,,
naun1237,Nauna,naun1237,,,,
akha1245,Akha,akha1245,,,,
aben1249,Abenlen-Ayta,aben1249,,,,
nara1264,Nara,nara1264,,,,
latv1245,Latvian,latv1245,,,,
pard1245,Pardhan,pard1245,,,,
saka1289,Sakao,saka1289,,,,
buhi1243,Bikol-Buhinon,buhi1243,,,,
edec1238,Cabe,edec1238,,,,
sela1259,Selaru,sela1259,,,,
caac1237,Caac,caac1237,,,,
weda1241,Wedau,weda1241,,,,
baro1253,Barok,baro1253,,,,
doon1238,Doondo,doon1238,,,,
pani1258,Panim,pani1258,,,,
havu1238,Savu-Havu,havu1238,,,,
sout3051,Gizga-South,sout3051,,,,
waya1270,Wayampi,waya1270,,,,
toto1302,Toto,toto1302,,,,
trie1243,Trieng,trie1243,,,,
budz1238,Budza,budz1238,,,,
dura1244,Ura,dura1244,,,,
kein1239,Kein,kein1239,,,,
yako1252,Yakoma,yako1252,,,,
olds1249,Spanish,olds1249,,,,
wail1242,Wailapa,wail1242,,,,
mwat1237,Mwatebu,mwat1237,,,,
darg1241,Dargwa-Tanti,darg1241,,,,
siee1239,Sibe,siee1239,,,,
nucl1706,Mandaic,nucl1706,,,,
dass1243,Dass,dass1243,,,,
tuwu1238,Tuwuli,tuwu1238,,,,
kili1267,Kilivila,kili1267,,,,
lang1316,Buyang-Langjia,lang1316,,,,
ston1242,Stoney,ston1242,,,,
gese1240,Geser-Gorum,gese1240,,,,
boro1282,Bororo,boro1282,,,,
wane1242,Wane,wane1242,,,,
nucl1595,Kwerba,nucl1595,,,,
tiey1235,Bozo-Tieyaxo,tiey1235,,,,
akaa1242,Akan,akaa1242,,,,
ampa1239,Manang,ampa1239,,,,
cent2050,Kanuri-Central,cent2050,,,,
saek1240,Saek,saek1240,,,,
kaqc1270,Kaqchikel-Central,kaqc1270,,,,
wabb1237,Wab,wabb1237,,,,
gale1257,Galeya,gale1257,,,,
khak1248,Khakas,khak1248,,,,
otuh1238,Lotuho,otuh1238,,,,
punu1239,Punu,punu1239,,,,
irrr1240,Ir,irrr1240,,,,
coca1259,Cocama-Cocamila,coca1259,,,,
xere1240,Xerente,xere1240,,,,
anyi1245,Anyin,anyi1245,,,,
duna1248,Iduna,duna1248,,,,
maia1251,Maiadomu,maia1251,,,,
bamb1269,Bambara,bamb1269,,,,
juqu1238,Mixe-Juquila,juqu1238,,,,
nort2732,Tujia-North,nort2732,,,,
lamb1271,Lama,lamb1271,,,,
bela1260,Belait,bela1260,,,,
ogbi1239,Ogbia,ogbi1239,,,,
tswa1253,Twana,tswa1253,,,,
tari1256,Tariana,tari1256,,,,
lisa1239,Lisabata-Nuniali,lisa1239,,,,
koii1238,Kodi,koii1238,,,,
tzel1254,Tzeltal-Bachajon,tzel1254,,,,
bara1378,Baraamu,bara1378,,,,
sons1242,Sonsorol,sons1242,,,,
oldo1234,Ossetic,oldo1234,,,,
magu1243,Magindanao,magu1243,,,,
cemu1238,Cemuhi,cemu1238,,,,
yukp1241,Yukpa,yukp1241,,,,
quet1239,Mixe-Quetzaltepec,quet1239,,,,
nort2774,Ngbandi-North,nort2774,,,,
lazz1240,Laz,lazz1240,,,,
yaka1277,Yakan,yaka1277,,,,
pera1257,Perai,pera1257,,,,
orma1241,Orma,orma1241,,,,
samr1245,Samre,samr1245,,,,
bali1278,Balinese,bali1278,,,,
slov1269,Slovak,slov1269,,,,
mint1239,Mintil,mint1239,,,,
uppe1275,Upper Necaxa Totonac,uppe1275,,,,
kung1260,Kung-CM,kung1260,,,,
lewo1244,Lewotobi,lewo1244,,,,
okuu1243,Oku,okuu1243,,,,
fore1270,Fore,fore1270,,,,
bats1242,bats,bats1242,,,,
bena1262,Bena,bena1262,,,,
musg1254,Musgu,musg1254,,,,
shar1249,Shawa,shar1249,,,,
ughe1237,Ughele,ughe1237,,,,
cher1271,Cherepon,cher1271,,,,
ando1256,Andoque,ando1256,,,,
mind1253,Chinese-Min-Yong'an,mind1253,,,,
bamu1257,Buamu,bamu1257,,,,
guin1254,Kpelle-Guinea,guin1254,,,,
fort1240,Fortsenal,fort1240,,,,
koya1251,Bungom-Koya,koya1251,,,,
tuca1252,Tucanoan,tuca1252,,,,
elem1253,Eleme,elem1253,,,,
bola1252,Bolango,bola1252,,,,
emer1243,Emerillon,emer1243,,,,
mogu1251,Mogum,mogu1251,,,,
kima1244,Kimaragang-Dusun,kima1244,,,,
sara1326,Sarangani Bilaan,sara1326,,,,
riun1237,Riung,riun1237,,,,
daha1247,Dahalik,daha1247,,,,
cent2118,Awyu-Central,cent2118,,,,
jenn1240,Jenu-Kurumba,jenn1240,,,,
sude1239,Sudest,sude1239,,,,
yekh1238,Etsako-Yekhee,yekh1238,,,,
achu1247,Achumawi,achu1247,,,,
kash1280,Kashkay,kash1280,,,,
nson1238,Songo,nson1238,,,,
chip1261,Chipewyan,chip1261,,,,
tido1248,Tidore,tido1248,,,,
chon1284,Chong,chon1284,,,,
bagu1251,Bagusa,bagu1251,,,,
gbay1287,Gbaya-Bossangoa,gbay1287,,,,
jjuu1238,Jju,jjuu1238,,,,
dano1240,Dan,dano1240,,,,
colo1256,Colorado,colo1256,,,,
kaid1239,Kaidipang,kaid1239,,,,
baat1238,Baatonum,baat1238,,,,
nort2699,Kolami-Northwestern,nort2699,,,,
cent2144,Mazahua-Central,cent2144,,,,
kara1483,Karamojong,kara1483,,,,
hoav1238,Hoava,hoav1238,,,,
ford1242,Fordara,ford1242,,,,
keni1248,Keninjal,keni1248,,,,
ache1246,Aceh,ache1246,,,,
kaoo1238,Kado,kaoo1238,,,,
nafr1241,Nafri,nafr1241,,,,
meru1245,Mru,meru1245,,,,
lave1249,Laven,lave1249,,,,
kwam1249,Kwama,kwam1249,,,,
damp1237,Dampelas,damp1237,,,,
maho1249,Mahou,maho1249,,,,
ngge1241,Nggem,ngge1241,,,,
biao1254,Biao,biao1254,,,,
maqu1238,Maquiritari,maqu1238,,,,
kabi1261,Kaiy,kabi1261,,,,
chak1270,Chak,chak1270,,,,
gusi1247,Gusii,gusi1247,,,,
chul1246,Chulym,chul1246,,,,
kala1373,Kalam,kala1373,,,,
ebir1243,Ebira,ebir1243,,,,
west2422,Meohang-West,west2422,,,,
ngan1299,Ngangam,ngan1299,,,,
ngil1242,Ngie,ngil1242,,,,
kahu1241,Kahua,kahu1241,,,,
miya1266,Maiya,miya1266,,,,
assi1247,Assiniboine,assi1247,,,,
puka1242,Pukapuka,puka1242,,,,
munc1235,Chin-Mun,munc1235,,,,
kulu1255,Kulung,kulu1255,,,,
quey1238,Queyu,quey1238,,,,
nort2860,Babar-North,nort2860,,,,
adon1237,Adonara-Lamahotot,adon1237,,,,
haho1237,Hahon,haho1237,,,,
saka1283,Sakachep,saka1283,,,,
fiji1243,Fijian-Namosi-Naitasiri,fiji1243,,,,
wagi1249,Wagdi,wagi1249,,,,
kach1284,Kachama-Ganjule,kach1284,,,,
stan1295,German-Hutterite,stan1295,,,,
salt1242,Salt-Yui,salt1242,,,,
elmo1238,Elmolo,elmo1238,,,,
gunn1250,Gun-Gbe,gunn1250,,,,
taya1257,Tayart-Tamajaq,taya1257,,,,
sani1269,Yi-Sani,sani1269,,,,
mele1250,Mele-Fila,mele1250,,,,
shek1245,Sheko,shek1245,,,,
nort2943,North-Alaskan-Inupiatun,nort2943,,,,
owaa1237,Owa,owaa1237,,,,
waam1244,Waama,waam1244,,,,
hone1235,Hone,hone1235,,,,
cwib1235,Bwamu-Cwi,cwib1235,,,,
krac1238,Krache,krac1238,,,,
west2454,Fulfulde-West-Niger,west2454,,,,
guro1248,Guro,guro1248,,,,
kwaj1242,Waja,kwaj1242,,,,
asue1235,Awyu-Assue,asue1235,,,,
rund1242,Rundi,rund1242,,,,
erzy1239,Erzya,erzy1239,,,,
chok1243,Chokri-Naga,chok1243,,,,
khor1269,Turkish-Khorasani,khor1269,,,,
maka1304,Makaa,maka1304,,,,
agii1245,Magi,agii1245,,,,
madi1261,Madi-PNG,madi1261,,,,
nusa1245,Nusa-Laut,nusa1245,,,,
hooo1248,Ho-Chunk,hooo1248,,,,
ninz1246,Ninzo,ninz1246,,,,
kibe1241,Kibet,kibe1241,,,,
kuij1237,Kuijau,kuij1237,,,,
komb1272,Kombio,komb1272,,,,
tigr1271,Tigrigna,tigr1271,,,,
mbya1239,Mbya-Guarani,mbya1239,,,,
vemg1240,Vemgo-Mabas,vemg1240,,,,
wawo1239,Wawonii,wawo1239,,,,
malf1237,Naahai-Malfaxal,malf1237,,,,
acha1249,Achang-Lianghe,acha1249,,,,
lena1238,Lenakel,lena1238,,,,
kada1282,Kadaru,kada1282,,,,
khol1240,Kholok,khol1240,,,,
sout2645,Fars,sout2645,,,,
tatu1247,Tatuyo,tatu1247,,,,
sulk1246,Sulka,sulk1246,,,,
hrus1242,Hruso,hrus1242,,,,
cuyo1237,Cuyonon,cuyo1237,,,,
isth1241,Nahuatl-Isthmus-Mecayapan,isth1241,,,,
ital1275,Italian,ital1275,,,,
phuz1235,Yi-Phuza,phuz1235,,,,
reja1241,Rejang,reja1241,,,,
nage1237,Nage,nage1237,,,,
kuaa1238,Kua-Tsua,kuaa1238,,,,
casi1235,Agta-Casiguran-Dumagat,casi1235,,,,
tiko1237,Tikopia,tiko1237,,,,
rwaa1238,Rwa,rwaa1238,,,,
ekii1241,Seki,ekii1241,,,,
baka1274,Baka-Sudan,baka1274,,,,
tehu1242,Tehuelche,tehu1242,,,,
dege1246,Degema,dege1246,,,,
sanm1301,Popoloca-Tlacoyalco,sanm1301,,,,
ticu1245,Ticuna,ticu1245,,,,
kari1311,Karitiana,kari1311,,,,
lugb1240,Lugbara,lugb1240,,,,
tere1276,Terebu,tere1276,,,,
suga1248,Suga,suga1248,,,,
sena1268,Senaya,sena1268,,,,
yuki1243,Yuki-Yuqui,yuki1243,,,,
pele1245,Pele-Ata,pele1245,,,,
mtir1236,Iraya,mtir1236,,,,
zand1248,Zande,zand1248,,,,
salu1253,Saluan-Coastal,salu1253,,,,
suku1259,Suku,suku1259,,,,
mand1415,Chinese-Mandarin,mand1415,,,,
mong1330,BuriatMongolian,mong1330,,,,
wapa1235,Wapan,wapa1235,,,,
nucl1630,Bariai,nucl1630,,,,
hame1242,Banna,hame1242,,,,
lagh1246,Laghuu,lagh1246,,,,
tawa1275,Tawala,tawa1275,,,,
fipa1238,Fipa,fipa1238,,,,
anem1249,Anem,anem1249,,,,
kana1286,Kanakanabu,kana1286,,,,
pwap1237,Pwapwa,pwap1237,,,,
coma1245,Comanche,coma1245,,,,
lama1288,Lamkang,lama1288,,,,
polc1243,Polci,polc1243,,,,
tauy1241,Tauya,tauy1241,,,,
muna1247,Muna,muna1247,,,,
myen1241,Myene,myen1241,,,,
dako1258,Dakota,dako1258,,,,
rana1246,Rana-Tharu,rana1246,,,,
hang1258,Shanga,hang1258,,,,
kelo1247,Klon,kelo1247,,,,
esto1258,Estonian,esto1258,,,,
dang1260,DangauraTharu,dang1260,,,,
ingr1248,Lingurian,ingr1248,,,,
sici1248,Sicilian,sici1248,,,,
maka1311,Makasae,maka1311,,,,
lule1254,Sami-Lule,lule1254,,,,
semb1240,Sembakung,semb1240,,,,
taga1268,Tagakaulu,taga1268,,,,
odoo1238,Odoodee,odoo1238,,,,
iauu1242,Iau,iauu1242,,,,
agus1235,Manobo-Agusan,agus1235,,,,
laha1253,Lahanan,laha1253,,,,
choc1279,Chochotec,choc1279,,,,
bata1298,Ifugao-Batad,bata1298,,,,
ayor1240,Ayoreo,ayor1240,,,,
amar1272,Amara-Longa,amar1272,,,,
siki1239,Sikaiana,siki1239,,,,
akwa1248,Akwa,akwa1248,,,,
halh1238,Halh-Mongolian,halh1238,,,,
maon1238,Naga-Ao,maon1238,,,,
hama1240,Hamap,hama1240,,,,
cadd1256,Caddo,cadd1256,,,,
dusu1271,Dusun-Deyah,dusu1271,,,,
maor1246,Magori,maor1246,,,,
kupi1238,Kupia,kupi1238,,,,
dogr1252,Dogrib,dogr1252,,,,
nias1242,Nias,nias1242,,,,
cent2101,Melanau-Central,cent2101,,,,
sham1280,Shambala,sham1280,,,,
niue1239,Niuean,niue1239,,,,
sehw1238,Sehwi,sehw1238,,,,
jire1238,Jirel,jire1238,,,,
waro1242,Waropen,waro1242,,,,
hung1275,Hung,hung1275,,,,
klam1254,Klamath-Modoc,klam1254,,,,
seri1255,Serili,seri1255,,,,
sout2895,South-Nuaulu,sout2895,,,,
djim1235,Senufo-Djimini,djim1235,,,,
lang1328,Langam-Pondi,lang1328,,,,
dime1235,Dime,dime1235,,,,
friu1240,Friulian,friu1240,,,,
east2347,Tamang-Western,east2347,,,,
emai1241,Emai,emai1241,,,,
java1254,Javanese-East,java1254,,,,
nucl1418,Bassa-Kogi,nucl1418,,,,
koho1244,Koho,koho1244,,,,
mbuu1238,Ajumbu,mbuu1238,,,,
tagw1240,Senufo-Tagwana,tagw1240,,,,
uluk1257,Ulukwumi,uluk1257,,,,
kaim1241,Kaimbulawa,kaim1241,,,,
mawe1251,Mawes,mawe1251,,,,
pwoe1235,Karen-EastPwo,pwoe1235,,,,
nafa1258,Senufo-Nafaanra,nafa1258,,,,
nort2857,Watut-North-Unank,nort2857,,,,
sala1272,Quichua-Salasaca,sala1272,,,,
pimb1238,Pimbwe,pimb1238,,,,
chep1245,Chepang,chep1245,,,,
loko1255,Gimi-Loko,loko1255,,,,
wask1241,Waskia,wask1241,,,,
varl1238,Varli,varl1238,,,,
alaw1244,Alawa,alaw1244,,,,
saaa1240,Sa,saaa1240,,,,
masa1299,Masaba,masa1299,,,,
bira1254,Mbirao,bira1254,,,,
amis1246,Sakizaya-Amis,amis1246,,,,
mogh1245,Moghol,mogh1245,,,,
kair1265,Kairui-Midiki,kair1265,,,,
aros1241,Arosi,aros1241,,,,
piam1242,Piamatsina,piam1242,,,,
pyen1239,Pyen,pyen1239,,,,
gebe1237,Gebe-Maluku,gebe1237,,,,
ainu1251,Ainu,ainu1251,,,,
teke1279,Teke-Nzikou,teke1279,,,,
anin1240,Anindilyakwa,anin1240,,,,
amar1273,Mairasi,amar1273,,,,
dupa1235,Agta-Dupaningan,dupa1235,,,,
lama1277,Lamahotot,lama1277,,,,
laiy1246,Laiyolo,laiy1246,,,,
bank1259,Dogon-Bankan-Tey,bank1259,,,,
vano1237,Lovono-Vano,vano1237,,,,
sout2916,Palawano-Southwest,sout2916,,,,
mara1393,Parachi,mara1393,,,,
pero1241,Pero,pero1241,,,,
mace1250,Macedonian,mace1250,,,,
stan1289,Catalan,stan1289,,,,
agoi1246,Tagoi,agoi1246,,,,
weje1237,Wejewa,weje1237,,,,
muso1238,Musom,muso1238,,,,
fala1241,Fala,fala1241,,,,
taup1242,Taupota,taup1242,,,,
kara1499,Karas,kara1499,,,,
naki1238,Nakwi,naki1238,,,,
rung1259,Rungus,rung1259,,,,
nyah1250,NyahKur,nyah1250,,,,
hyaa1239,Hyam,hyaa1239,,,,
enuu1235,Einu,enuu1235,,,,
nort2961,Ojibwa-Northwestern,nort2961,,,,
urak1238,Urak-Lawoi,urak1238,,,,
akeu1235,Akebu,akeu1235,,,,
nyan1302,Nyangbo,nyan1302,,,,
movi1243,Movima,movi1243,,,,
guer1241,Nahuatl-Guerrero,guer1241,,,,
waig1244,Waigeo-Ambel,waig1244,,,,
rang1269,Rangi,rang1269,,,,
bung1270,Bungain,bung1270,,,,
east2340,Muria-Far-Eastern,east2340,,,,
hadi1240,Hadiyya,hadi1240,,,,
mbow1246,Mbowe,mbow1246,,,,
tang1353,Tangko,tang1353,,,,
kuvi1243,Kuvi,kuvi1243,,,,
otor1240,Otoro,otor1240,,,,
gaam1241,Gaam,gaam1241,,,,
kweg1241,Kwegu,kweg1241,,,,
kain1272,Katingan,kain1272,,,,
saus1247,Sause,saus1247,,,,
sima1258,Simaa-Mwenyi,sima1258,,,,
nalu1240,Nalu,nalu1240,,,,
kari1303,Karingani,kari1303,,,,
namo1247,Namonuito,namo1247,,,,
mari1440,Maricopa,mari1440,,,,
mede1237,Medebur,mede1237,,,,
telu1262,Telugu,telu1262,,,,
akhv1239,Akhvakh,akhv1239,,,,
malo1245,Malol-Sissano,malo1245,,,,
paas1238,Paasaal,paas1238,,,,
chha1249,Chhattisgarhi,chha1249,,,,
naro1249,Naro,naro1249,,,,
vwan1235,Wanji,vwan1235,,,,
turk1308,Turkana,turk1308,,,,
papa1265,Papapana,papa1265,,,,
neha1247,Nehan,neha1247,,,,
sout2694,Altai-south,sout2694,,,,
broo1239,Palawano-Brookes-Point,broo1239,,,,
bemb1255,Mbembe,bemb1255,,,,
sibe1248,Sibe-PNG,sibe1248,,,,
abau1245,Abau-PNG,abau1245,,,,
sout2774,Yi-Southeast,sout2774,,,,
eipo1242,Eipomek,eipo1242,,,,
mana1298,Manambu,mana1298,,,,
lend1245,Lendu,lend1245,,,,
anas1239,Kanasi,anas1239,,,,
dayy1236,Day,dayy1236,,,,
huic1243,Huichol,huic1243,,,,
sema1269,Semandang,sema1269,,,,
mose1249,Tsimané,mose1249,,,,
tutu1241,Tutuba,tutu1241,,,,
samb1325,Sambalpuri,samb1325,,,,
abon1238,Abron,abon1238,,,,
nyon1241,Yong,nyon1241,,,,
nekk1240,Nek-PNG,nekk1240,,,,
mbul1263,Mbula-Mangap,mbul1263,,,,
temo1243,Temoq,temo1243,,,,
mari1435,Maring,mari1435,,,,
dong1285,Dongxiang,dong1285,,,,
cher1273,Cherokee,cher1273,,,,
shor1247,Shor,shor1247,,,,
garh1243,Garhwali,garh1243,,,,
shan1282,Tshangla,shan1282,,,,
lush1252,Lushootseed,lush1252,,,,
namb1293,Nyambo,namb1293,,,,
brun1245,Bisaya-Brunei,brun1245,,,,
yoru1245,Yoruba,yoru1245,,,,
east2779,Chin-Khumi,east2779,,,,
ziaa1250,Zia,ziaa1250,,,,
samo1303,Samo-PNG,samo1303,,,,
agar1251,Yagaria,agar1251,,,,
onto1237,Luangiua-Ontong-Java,onto1237,,,,
tzot1259,Tzotzil-San-An-Larrain,tzot1259,,,,
yape1248,Yapese,yape1248,,,,
mfum1238,Mfumte,mfum1238,,,,
east2398,Karaboro-East,east2398,,,,
akum1238,Akum,akum1238,,,,
sapa1251,Saparua,sapa1251,,,,
atii1237,Tati,atii1237,,,,
wong1247,Wongo,wong1247,,,,
waor1240,Waorani,waor1240,,,,
bete1261,Bete-Guebie,bete1261,,,,
cusc1236,Quechua-de-Cusco,cusc1236,,,,
noga1249,Nogai,noga1249,,,,
tarp1240,Tarpia,tarp1240,,,,
lame1257,Lamet,lame1257,,,,
bugl1243,Buglere,bugl1243,,,,
pong1250,Pongu,pong1250,,,,
nucl1396,Suena,nucl1396,,,,
cham1309,Chamalal,cham1309,,,,
dhiv1236,Dhivehi,dhiv1236,,,,
buhi1245,Buhid,buhi1245,,,,
anir1237,Warwar-Feni,anir1237,,,,
bose1237,Boselewa,bose1237,,,,
nucl1290,Wa-Vo-Awa,nucl1290,,,,
gora1262,Gorakor-Yanta,gora1262,,,,
ngie1241,Ngiemboon,ngie1241,,,,
tady1237,Tadyawan,tady1237,,,,
seko1243,Seko-Padang,seko1243,,,,
asun1236,Zapotec-Mixtepec,asun1236,,,,
lotu1250,Lotud,lotu1250,,,,
penr1237,Penrhyn,penr1237,,,,
nucl1454,Yawa,nucl1454,,,,
daha1245,Dahalo,daha1245,,,,
saho1246,Saho,saho1246,,,,
tuyu1244,Tuyuca,tuyu1244,,,,
adze1240,Adzera,adze1240,,,,
ahan1243,Ahanta,ahan1243,,,,
muon1246,Muong,muon1246,,,,
east2354,Kham-East-Parbate,east2354,,,,
ajie1238,Raji,ajie1238,,,,
cofa1242,Cofan,cofa1242,,,,
kore1280,Korean,kore1280,,,,
rawa1265,Rawang-Dvru,rawa1265,,,,
want1252,Wantoat,want1252,,,,
tuma1248,Kanuri-Tumari,tuma1248,,,,
nort2847,Tanna-North,nort2847,,,,
ipil1240,Ipili,ipil1240,,,,
lako1245,Lakona,lako1245,,,,
dido1241,Dido,dido1241,,,,
bamu1253,Bamun,bamu1253,,,,
buru1296,Burushaski,buru1296,,,,
bamb1270,Bambam-Pitu-Ulunna-Salu,bamb1270,,,,
kuyy1240,Kuy,kuyy1240,,,,
mata1306,Matal,mata1306,,,,
khan1274,Khang,khan1274,,,,
pala1344,Paluan,pala1344,,,,
pima1248,Pima-Bajo,pima1248,,,,
pend1242,Pendau,pend1242,,,,
pagi1243,Pagibete,pagi1243,,,,
lufu1237,Lufu-NG,lufu1237,,,,
loba1239,Lobala,loba1239,,,,
nort2966,Mao-Northern,nort2966,,,,
moli1248,Molima,moli1248,,,,
sout2699,Uzbek-South,sout2699,,,,
kwak1269,Kwakiutl,kwak1269,,,,
chol1282,Chol-Tila,chol1282,,,,
ache1244,Ache-Tupi,ache1244,,,,
vuna1239,Vunapu,vuna1239,,,,
izon1238,Izon,izon1238,,,,
loni1238,Loniu,loni1238,,,,
seka1248,Sekapan,seka1248,,,,
bara1362,Barama,bara1362,,,,
vute1244,Vute,vute1244,,,,
tenn1246,Tennet,tenn1246,,,,
gude1246,Gude,gude1246,,,,
daga1275,Daga-PNG,daga1275,,,,
balt1258,Balti,balt1258,,,,
nucl1770,Dyan,nucl1770,,,,
nuka1242,Mak,nuka1242,,,,
yems1235,Yemsa,yems1235,,,,
tlin1245,Tlingit,tlin1245,,,,
hran1239,Hrangkhol,hran1239,,,,
lala1264,Lala-Bisa,lala1264,,,,
nucl1593,Kwomtari,nucl1593,,,,
sora1254,Sora,sora1254,,,,
tsoo1241,Tsou,tsoo1241,,,,
sion1247,Siona,sion1247,,,,
deni1241,Deni,deni1241,,,,
tama1365,Tamasheq,tama1365,,,,
taju1238,Tajuasohn,taju1238,,,,
norw1262,Norwegian,norw1262,,,,
inpu1234,Inpui-Naga,inpu1234,,,,
igoo1238,Igbo,igoo1238,,,,
bass1258,Basari,bass1258,,,,
east2295,Yiddish,east2295,,,,
higa1237,Higaonon,higa1237,,,,
thoo1240,Tay-Tho,thoo1240,,,,
koda1236,Konda,koda1236,,,,
dard1243,Daju-Dar Dadju,dard1243,,,,
mere1246,Merey,mere1246,,,,
beng1282,Beng,beng1282,,,,
ikul1238,Ikulu,ikul1238,,,,
talu1238,Yi-Talu,talu1238,,,,
kasu1251,Kasua,kasu1251,,,,
lamb1272,Lamboya,lamb1272,,,,
vile1241,Lule-Vilela,vile1241,,,,
arig1246,Arigidi-Igasi,arig1246,,,,
demm1245,Dem,demm1245,,,,
tuki1240,Tuki,tuki1240,,,,
miga1241,Migabac,miga1241,,,,
gata1239,Gta,gata1239,,,,
taha1241,Tahaggart-Tamahaq,taha1241,,,,
cent1989,Khmer-Central,cent1989,,,,
yawa1260,Yawanawa,yawa1260,,,,
kara1484,Karang,kara1484,,,,
bogh1241,Boghom,bogh1241,,,,
kulf1238,Kula,kulf1238,,,,
turo1239,Turoyo,turo1239,,,,
nyor1246,Nyoro,nyor1246,,,,
tswa1255,Tswa,tswa1255,,,,
kopk1238,Kopkaka,kopk1238,,,,
yaqu1251,Yaqui,yaqu1251,,,,
puyu1239,Puyuma,puyu1239,,,,
naue1237,Naute,naue1237,,,,
tour1243,Toura,tour1243,,,,
cent2041,Grebo-Central,cent2041,,,,
waem1237,Wa,waem1237,,,,
cham1313,Chamari,cham1313,,,,
supy1237,Senufo-Supyire,supy1237,,,,
igal1242,Igala,igal1242,,,,
puna1266,Punan-Tubu,puna1266,,,,
brek1238,Karen-Kayaw,brek1238,,,,
litz1237,Litzlitz,litz1237,,,,
tari1263,Tarifit,tari1263,,,,
arta1239,Arta-Nagtipunan,arta1239,,,,
hitu1239,Hitu-Maluku,hitu1239,,,,
numa1254,Numanggang,numa1254,,,,
chec1245,Chechen,chec1245,,,,
chad1249,Arabic-Chadic,chad1249,,,,
nort2735,Dong-North,nort2735,,,,
baur1251,Bauria-Bawriya,baur1251,,,,
khal1275,Khaling,khal1275,,,,
lumu1239,Lumun,lumu1239,,,,
phun1245,Phunoi,phun1245,,,,
boik1241,Boikin,boik1241,,,,
kuni1263,Kuni,kuni1263,,,,
yawa1261,Yawalapiti,yawa1261,,,,
awar1248,Awara,awar1248,,,,
nade1244,Nadeb,nade1244,,,,
buka1261,Bukat,buka1261,,,,
male1289,Maleu-Kilenge,male1289,,,,
arop1243,Arop-Lokep,arop1243,,,,
koro1304,Korop,koro1304,,,,
blab1237,Blablanga,blab1237,,,,
muku1242,Mukulu,muku1242,,,,
zigu1242,Zigula,zigu1242,,,,
poqo1254,Poqomchi-Western,poqo1254,,,,
taba1259,Tabasaran,taba1259,,,,
ishk1246,Ishkashmi,ishk1246,,,,
wutu1241,Wutunhua,wutu1241,,,,
wamb1257,Wambule,wamb1257,,,,
boro1279,Borong,boro1279,,,,
seti1248,Liana-Seti,seti1248,,,,
amii1238,Yami,amii1238,,,,
tune1261,Tunen,tune1261,,,,
fali1285,Fali-Chadic,fali1285,,,,
made1253,Maden,made1253,,,,
dusu1269,Dusun-Malang,dusu1269,,,,
boto1242,Sambal-Botolan,boto1242,,,,
mani1297,Manipa-Maluku,mani1297,,,,
sera1259,Siraiki,sera1259,,,,
rayo1235,Zoque-Rayon,rayo1235,,,,
nort2839,North-Ambrym,nort2839,,,,
high1242,Chontal-Highland-Oaxaca,high1242,,,,
whit1269,Whitesands,whit1269,,,,
agwa1247,Agwagwune,agwa1247,,,,
chir1283,Chru,chir1283,,,,
elna1235,Cora-El-Nayar,elna1235,,,,
mann1246,Mannan,mann1246,,,,
sina1271,Sinasina-Tabare,sina1271,,,,
zena1237,Zenaga,zena1237,,,,
toto1305,Mixe-Tontontepec,toto1305,,,,
muya1239,Muya,muya1239,,,,
tuni1251,Tunica,tuni1251,,,,
ganc1239,Chinese-Gan-Nanchang,ganc1239,,,,
safa1243,Saliba,safa1243,,,,
mung1266,Mungaka,mung1266,,,,
pipi1250,Pipil,pipi1250,,,,
embe1262,Embera-Chami,embe1262,,,,
libi1250,Libido,libi1250,,,,
koko1265,Kokoda,koko1265,,,,
abuu1241,Labu,abuu1241,,,,
maho1248,Mahongwe,maho1248,,,,
land1256,Landoma,land1256,,,,
seze1235,Seze,seze1235,,,,
ping1243,Pingelapese,ping1243,,,,
balk1252,Romani-Balkan,balk1252,,,,
axiy1235,Yi-Axi,axiy1235,,,,
luna1244,Lunda,luna1244,,,,
onon1246,Onondaga,onon1246,,,,
mmaa1238,Mmaala,mmaa1238,,,,
sand1273,Sandawe,sand1273,,,,
kaie1237,Kaiep,kaie1237,,,,
wang1299,Wanggom,wang1299,,,,
kxoe1243,Kxoe,kxoe1243,,,,
aran1261,Aranadan,aran1261,,,,
coeu1236,Coeur-d'Alene,coeu1236,,,,
gbir1241,Gbiri-Niragu-Gure,gbir1241,,,,
mota1237,Mota-Vanuatu,mota1237,,,,
udaa1238,Uda,udaa1238,,,,
maib1239,Mai-Brat,maib1239,,,,
temi1246,Temiar,temi1246,,,,
mush1238,Mushunguli,mush1238,,,,
kohi1248,Kohistani Shina,kohi1248,,,,
east1236,Katu-Western,east1236,,,,
momb1254,Dogon-Mombo,momb1254,,,,
ngba1285,Ngbaka-Mabo,ngba1285,,,,
balt1257,Romani-Baltic,balt1257,,,,
arma1244,Zarma,arma1244,,,,
solo1257,Solos,solo1257,,,,
soga1242,Soga,soga1242,,,,
nask1242,Naskapi,nask1242,,,,
jaun1243,Jaunsari,jaun1243,,,,
kobo1249,Kobon,kobo1249,,,,
nimo1246,Nimoa-Rifao,nimo1246,,,,
plau1238,Plautdiitsch,plau1238,,,,
suda1236,Arabic-Sudanese,suda1236,,,,
crim1257,CrimeanTatar,crim1257,,,,
kaul1240,Kaulong,kaul1240,,,,
ibuu1240,Jibu,ibuu1240,,,,
itaw1240,Itawit,itaw1240,,,,
maee1241,Emae,maee1241,,,,
mido1240,Nubian-Midob,mido1240,,,,
nung1282,Anong,nung1282,,,,
katc1249,Miri,katc1249,,,,
tund1254,Tundra Nenets,tund1254,,,,
sape1238,Saep,sape1238,,,,
koch1250,Koh,koch1250,,,,
ewee1241,Ewe,ewee1241,,,,
lega1249,Lega-Shabunda,lega1249,,,,
mvub1239,Mvuba,mvub1239,,,,
gwii1239,Gwi,gwii1239,,,,
bong1285,Bongo,bong1285,,,,
keme1240,Kemezung,keme1240,,,,
teke1280,Teke-Kukuya,teke1280,,,,
raut1239,Raute,raut1239,,,,
sout2976,Tepehuan-Southeast,sout2976,,,,
ukhw1241,Ukhwejo,ukhw1241,,,,
hass1238,Hassaniyya,hass1238,,,,
wall1255,Walloon,wall1255,,,,
nort2723,Pumi-North,nort2723,,,,
narp1239,Nar-Phu,narp1239,,,,
enge1239,Engenni,enge1239,,,,
ambo1250,Malay,ambo1250,,,,
todr1244,Todrah,todr1244,,,,
dumb1241,Dumbea,dumb1241,,,,
kete1252,Ket,kete1252,,,,
bong1289,Bonggi,bong1289,,,,
nasa1239,Nasal,nasa1239,,,,
likw1239,Likwala,likw1239,,,,
ledo1238,Kaili-Ledo,ledo1238,,,,
itel1242,Itlemen,itel1242,,,,
pamp1243,Pampangan,pamp1243,,,,
jams1239,Dogon-Jamsay,jams1239,,,,
zang1249,Zan-Gula,zang1249,,,,
onin1245,Onin,onin1245,,,,
wash1253,Washo,wash1253,,,,
duun1242,Duungooma,duun1242,,,,
bala1301,Balanta-Kentohe,bala1301,,,,
seka1247,Sekar,seka1247,,,,
zara1247,Zaramo,zara1247,,,,
sout2869,Tanna-Southwest,sout2869,,,,
bela1256,Belanda-Bor,bela1256,,,,
niva1238,Nivacle,niva1238,,,,
kalu1248,Kaluli,kalu1248,,,,
baba1268,Babatana,baba1268,,,,
phon1246,Phong-Kniang,phon1246,,,,
tang1330,Tanchangya,tang1330,,,,
basa1284,Baka-Cameroun,basa1284,,,,
tura1265,Turka,tura1265,,,,
bade1248,Bade,bade1248,,,,
umir1236,Umiray-Dumaget-Agta,umir1236,,,,
sout2859,Ambrym-Southeast,sout2859,,,,
sout3010,Roglai-Northern,sout3010,,,,
brah1256,Brahui,brah1256,,,,
kore1283,Koregueje,kore1283,,,,
mamb1296,Mambwe-Lungu,mamb1296,,,,
resh1242,Reshe,resh1242,,,,
karo1303,Karon,karo1303,,,,
guar1292,Guarayu,guar1292,,,,
bhel1238,Bele,bhel1238,,,,
lonw1238,Lonwolwol,lonw1238,,,,
biss1248,Bissa,biss1248,,,,
kele1259,Keley-i,kele1259,,,,
wayu1243,Wayuu,wayu1243,,,,
bwai1242,Bwaidoka,bwai1242,,,,
tewa1260,Tewa,tewa1260,,,,
nyam1275,Nyamwanga,nyam1275,,,,
biao1253,Ao-Biao,biao1253,,,,
esee1247,Ese-Manalagasi,esee1247,,,,
bemb1257,Bemba,bemb1257,,,,
kete1254,Ketengban,kete1254,,,,
nort2722,Qiang-North,nort2722,,,,
lodh1246,Lodhi-Lodha,lodh1246,,,,
ayer1245,Ayere-Uwu,ayer1245,,,,
alut1245,Alyutor,alut1245,,,,
yoba1237,Yoba,yoba1237,,,,
oldr1238,Russian,oldr1238,,,,
kare1339,Karey,kare1339,,,,
pear1247,Pear,pear1247,,,,
manz1243,Mbanza,manz1243,,,,
bebi1242,Bebil,bebi1242,,,,
jirj1239,Yir-Yoront,jirj1239,,,,
nalc1240,Nalca,nalc1240,,,,
pang1290,Pangasinan,pang1290,,,,
tabr1243,Karawari-Tabriak,tabr1243,,,,
ulwa1239,Yaul-Ulwa,ulwa1239,,,,
pare1271,Asu-Pare,pare1271,,,,
befa1241,Befang-CM,befa1241,,,,
port1285,Port-Sandwich,port1285,,,,
zimb1251,Zimba,zimb1251,,,,
yaum1237,Yau-Morobe,yaum1237,,,,
sula1245,Sula-Maluku,sula1245,,,,
mega1243,Megam,mega1243,,,,
east1472,Keres-Eastern,east1472,,,,
kony1248,Konyak-Naga,kony1248,,,,
yuec1235,Chinese-Yue-Taishan,yuec1235,,,,
gera1246,Gera,gera1246,,,,
birh1242,Birhor,birh1242,,,,
kols1241,Kolsch,kols1241,,,,
kwai1243,Kwaio,kwai1243,,,,
semn1250,Semnam,semn1250,,,,
ciac1237,Cia-Cia-South-Buton,ciac1237,,,,
koir1240,Koireng,koir1240,,,,
loxi1235,Zapotec-Loxicha-Miahuatec,loxi1235,,,,
west2396,Lawa-Western,west2396,,,,
chuj1250,Chuj-Ixtatan,chuj1250,,,,
uppe1235,Taoih-Upper,uppe1235,,,,
bate1262,Batek-Deq,bate1262,,,,
tomb1244,Tombonuo,tomb1244,,,,
scot1243,Scots,scot1243,,,,
usho1238,Ushojo,usho1238,,,,
mand1443,Mander,mand1443,,,,
chad1240,Cadong,chad1240,,,,
tobo1251,Tobo-PNG,tobo1251,,,,
nsar1238,Sar,nsar1238,,,,
kono1264,Kono,kono1264,,,,
raro1241,Rarotonga,raro1241,,,,
akla1241,Inakeanon-Aklanon,akla1241,,,,
mala1457,Malasar,mala1457,,,,
khas1269,Khasi-Pnar,khas1269,,,,
moro1285,Moro-Sudan,moro1285,,,,
mara1407,Arammba,mara1407,,,,
nort3046,Mofu-North,nort3046,,,,
tali1262,Taliabo,tali1262,,,,
teor1240,Teor,teor1240,,,,
mitl1236,Zapotec-Amatlan,mitl1236,,,,
kura1249,Kurama-Akurmi,kura1249,,,,
abaz1241,Abaza,abaz1241,,,,
sout2954,Amami,sout2954,,,,
agat1236,Agatu,agat1236,,,,
east2555,Guarani-East-Bolivia,east2555,,,,
cors1241,Corsican,cors1241,,,,
beam1240,Beami-Bedamuni-Beo,beam1240,,,,
inor1238,Inor,inor1238,,,,
vagl1239,Vagla,vagl1239,,,,
tasa1240,Tasawaq,tasa1240,,,,
eeee1240,E,eeee1240,,,,
para1311,Guarani-Paraguayan,para1311,,,,
bata1289,Batak-Toba,bata1289,,,,
moha1256,Mohave,moha1256,,,,
adyg1241,Adyghe,adyg1241,,,,
dolp1239,Dolpo,dolp1239,,,,
manx1243,Manx,manx1243,,,,
ghan1242,Ghanonnga,ghan1242,,,,
kuot1243,Kuot,kuot1243,,,,
awin1248,Awing,awin1248,,,,
tlac1235,Tepehua-Tlachichilco,tlac1235,,,,
paly1238,Palya-Bareli,paly1238,,,,
sanf1258,Huave-del-San-Francisco,sanf1258,,,,
irar1238,Irahutu,irar1238,,,,
minb1244,Chinese-Min-Youxi,minb1244,,,,
tedi1235,Chin-Tiddim,tedi1235,,,,
khan1273,Khanty-East,khan1273,,,,
nate1242,Nateni,nate1242,,,,
ixte1237,Otomi-Ixtenco,ixte1237,,,,
kubi1239,Kui,kubi1239,,,,
haaa1252,Ha,haaa1252,,,,
aito1238,Aiton,aito1238,,,,
bili1260,Bilin,bili1260,,,,
sapo1253,Saposa,sapo1253,,,,
medu1238,Medumba,medu1238,,,,
urat1244,Urat,urat1244,,,,
bull1247,So,bull1247,,,,
amah1245,Amahai-Kouro,amah1245,,,,
bari1284,Bagri,bari1284,,,,
waff1241,Waffa,waff1241,,,,
bolo1263,Bolondo,bolo1263,,,,
ruka1240,Rukai,ruka1240,,,,
tapi1253,Tapiete,tapi1253,,,,
olra1234,Olrat,olra1234,,,,
kwer1261,Ikwere,kwer1261,,,,
gofa1235,Gofa-Ethiopia,gofa1235,,,,
pank1249,Pankhu,pank1249,,,,
east2465,Tarangan-East,east2465,,,,
huam1247,Huambisa,huam1247,,,,
ilit1241,Ili-Turki,ilit1241,,,,
haya1250,Hya,haya1250,,,,
viet1252,Vietnamese,viet1252,,,,
makh1264,Makhuwa-Marrevone,makh1264,,,,
alan1249,Kalagan,alan1249,,,,
puna1275,Punan-Bah-Biau,puna1275,,,,
wuch1236,Chinese-Wu-Wenzhou,wuch1236,,,,
konn1242,Konni,konn1242,,,,
taba1263,Tabaru,taba1263,,,,
rasa1243,Rasawa,rasa1243,,,,
oira1263,Oirata,oira1263,,,,
ires1239,Iresim-Yeresiam,ires1239,,,,
helo1243,Helong,helo1243,,,,
rabh1238,Rabha,rabh1238,,,,
uisa1238,Uisai,uisa1238,,,,
mehi1240,Mehinaku,mehi1240,,,,
book1241,Bookan,book1241,,,,
tuma1260,Tumak,tuma1260,,,,
ngul1247,Ngul-Ngoli,ngul1247,,,,
dewo1238,Dewoin,dewo1238,,,,
lati1261,Latin,lati1261,,,,
lioo1240,Lio,lioo1240,,,,
ngul1246,Ngulu-Nguu,ngul1246,,,,
minn1241,Chinese-Minnan,minn1241,,,,
bamw1238,Bamwe-Libobi,bamw1238,,,,
isir1237,Isirawa,isir1237,,,,
gowr1239,Gowro,gowr1239,,,,
ngaj1237,Ngaju,ngaj1237,,,,
kend1253,Kendeje,kend1253,,,,
kuke1242,Kukele,kuke1242,,,,
mamu1255,Mamuju,mamu1255,,,,
susu1250,Susu,susu1250,,,,
yapu1240,Yapunda,yapu1240,,,,
wich1264,Wichi-Lhamtes-Guisnay,wich1264,,,,
make1251,Fanamaket,make1251,,,,
chit1279,Kinnauri,chit1279,,,,
bala1310,Balangao,bala1310,,,,
istr1244,Istriot,istr1244,,,,
tita1240,Titan,tita1240,,,,
carn1240,Car-Nicobar,carn1240,,,,
dogu1235,Dogul-Dom Dogon,dogu1235,,,,
liki1241,Liki-Sobei,liki1241,,,,
nafu1238,Nafusi-Nefusa,nafu1238,,,,
east2472,Damar-East,east2472,,,,
leco1242,Leco,leco1242,,,,
kaka1265,Kakabe,kaka1265,,,,
tuwa1243,Ifugao-Tuwali,tuwa1243,,,,
pate1247,Patep,pate1247,,,,
cent2292,Bontok-Central,cent2292,,,,
inab1237,Abaknon,inab1237,,,,
beem1239,Beembe,beem1239,,,,
lepc1244,Lepcha,lepc1244,,,,
kisi1243,Kisi-Bantu,kisi1243,,,,
oddd1238,Od,oddd1238,,,,
kant1249,Kantosi,kant1249,,,,
samb1311,Chamba-Daka,samb1311,,,,
saxw1241,Saxwe-Gbe,saxw1241,,,,
gusi1246,Gusilay,gusi1246,,,,
tete1250,Tetela,tete1250,,,,
manu1255,Karen-Manumanaw,manu1255,,,,
demi1242,Demisa,demi1242,,,,
asum1237,Asumbuo,asum1237,,,,
wumb1242,Wumvu,wumb1242,,,,
ngaw1239,Chin-Ngawn,ngaw1239,,,,
blag1240,Blagar,blag1240,,,,
umat1237,Umatilla,umat1237,,,,
geba1237,Karen-Geba,geba1237,,,,
maka1318,Makah,maka1318,,,,
guer1243,Amuzgo-Guerrero,guer1243,,,,
aura1243,Kaur,aura1243,,,,
logb1245,Logba,logb1245,,,,
sahu1245,Sahu,sahu1245,,,,
tamp1252,Tampulma,tamp1252,,,,
degg1238,Deg,degg1238,,,,
hala1252,Halang,hala1252,,,,
labw1238,Thuri,labw1238,,,,
ersu1241,Ersu,ersu1241,,,,
kumz1235,Kumzari,kumz1235,,,,
katl1237,Katla,katl1237,,,,
urub1243,Kaapor,urub1243,,,,
wara1292,Wara-Komnjo,wara1292,,,,
ende1246,Mende,ende1246,,,,
semi1264,Semimi,semi1264,,,,
anuk1239,Anuki,anuk1239,,,,
apat1240,Patani,apat1240,,,,
algo1255,Algonquin,algo1255,,,,
daii1240,Dai-Maluku,daii1240,,,,
chru1239,Chrau,chru1239,,,,
cent2089,Subanen-Central,cent2089,,,,
newc1244,Javanese,newc1244,,,,
bond1246,Kulango-Bondoukou,bond1246,,,,
cent2145,Pame-Central,cent2145,,,,
kara1500,Karaja,kara1500,,,,
izer1241,Izere,izer1241,,,,
soii1239,Usoi,soii1239,,,,
cent1972,Kurdish-Central-Sorani,cent1972,,,,
lefa1242,Lefa,lefa1242,,,,
nyun1248,Nyungwe,nyun1248,,,,
serr1255,Serrano,serr1255,,,,
damb1246,Dambi,damb1246,,,,
yinb1236,Karen-Yinbaw,yinb1236,,,,
tega1236,Tegali,tega1236,,,,
kusa1250,Kusaal,kusa1250,,,,
dabe1239,Abe,dabe1239,,,,
bang1350,Bangubangu,bang1350,,,,
macu1259,Macushi,macu1259,,,,
lubu1241,Lumbu,lubu1241,,,,
mere1242,Merei,mere1242,,,,
baha1256,Buyang,baha1256,,,,
waio1238,Waioli,waio1238,,,,
kama1360,Kamasau,kama1360,,,,
kisa1266,Kisar,kisa1266,,,,
dogo1295,Dogose,dogo1295,,,,
tekt1235,Tektiteco,tekt1235,,,,
cuvo1236,Cuvok,cuvo1236,,,,
payn1244,Paynamar,payn1244,,,,
tern1247,Ternate,tern1247,,,,
cabe1245,Cabecar,cabe1245,,,,
wall1257,Uvea-East-Wallisian,wall1257,,,,
afad1236,Afade,afad1236,,,,
asil1242,Asilulu,asil1242,,,,
ayiw1239,Aiwo,ayiw1239,,,,
shat1244,Shatt-Damam,shat1244,,,,
tumb1250,Tumbuka,tumb1250,,,,
lora1237,Lorang,lora1237,,,,
boun1243,Kulango-Bouna,boun1243,,,,
soni1259,Soninke,soni1259,,,,
goka1239,Gokana,goka1239,,,,
chuk1274,Chuka,chuk1274,,,,
lele1265,Lele,lele1265,,,,
gawa1247,Gawar-bati,gawa1247,,,,
jiar1240,Jiarong-Zbu-2,jiar1240,,,,
sich1238,Yi-Sichuan,sich1238,,,,
lawa1257,Lawangan,lawa1257,,,,
long1387,Longto-Voko,long1387,,,,
ubii1238,Ubir,ubii1238,,,,
qaqe1238,Qaqet,qaqe1238,,,,
ghar1239,Ghari,ghar1239,,,,
kava1241,Kavalan,kava1241,,,,
bert1249,Beti,bert1249,,,,
mang1398,Mang,mang1398,,,,
mali1284,Malvi,mali1284,,,,
looo1238,Logo,looo1238,,,,
deny1238,Denya,deny1238,,,,
kiow1264,Kiowa,kiow1264,,,,
long1389,Longuda,long1389,,,,
bang1356,Bangolan,bang1356,,,,
coma1246,Chinantec-Comaltepec,coma1246,,,,
baga1272,Baga-Sitem,baga1272,,,,
mbul1260,Mbula-Bwazaa,mbul1260,,,,
yaoo1241,Yao-Bantu,yaoo1241,,,,
urim1252,Urimo,urim1252,,,,
pawn1254,Pawnee,pawn1254,,,,
sout2908,Kalinga-Northern,sout2908,,,,
nucl1633,Nimboran,nucl1633,,,,
efai1241,Efai,efai1241,,,,
asss1237,As-Papua,asss1237,,,,
argo1244,Argobba,argo1244,,,,
paic1239,Paici,paic1239,,,,
nort2645,Nuni-Northern,nort2645,,,,
irig1242,Rinconada-Bikol,irig1242,,,,
iwal1237,Iwal-Kaiwa,iwal1237,,,,
kiku1240,Kikuyu,kiku1240,,,,
kumi1248,Kumeyay-Kumiai,kumi1248,,,,
mate1258,Matengo,mate1258,,,,
cind1241,Cinda,cind1241,,,,
hovo1239,Hovongan,hovo1239,,,,
tagb1258,Tagbanwa-Central,tagb1258,,,,
tumz1238,Tumzabt,tumz1238,,,,
loka1252,Lokaa,loka1252,,,,
cakf1236,Mushere,cakf1236,,,,
phom1236,Phom Naga,phom1236,,,,
ngaz1238,Comorian-Ngazidja,ngaz1238,,,,
sama1295,Samatao-Samu,sama1295,,,,
ndai1238,Ndali,ndai1238,,,,
mehe1243,Mehek,mehe1243,,,,
jude1257,Persian,jude1257,,,,
ndam1239,Ndamba,ndam1239,,,,
ukra1235,Ukrainian,ukra1235,,,,
alii1240,Wali,alii1240,,,,
awer1241,Awera,awer1241,,,,
dame1241,Dameli,dame1241,,,,
till1254,Tillamook,till1254,,,,
sout2734,Yamphu,sout2734,,,,
bala1302,Balanta-Ganja,bala1302,,,,
vama1243,Vamale,vama1243,,,,
ukaa1243,Ukaan,ukaa1243,,,,
ibat1238,Ibatan,ibat1238,,,,
kukn1238,Kukna,kukn1238,,,,
maro1244,Marovo,maro1244,,,,
ngon1267,Ngongo,ngon1267,,,,
buru1301,Buru,buru1301,,,,
gade1236,Gade-Lohar,gade1236,,,,
nort2690,Uzbek-North,nort2690,,,,
wamp1248,Wampur,wamp1248,,,,
sara1327,Manobo-Sarangani,sara1327,,,,
beri1254,Berik,beri1254,,,,
pana1305,Panamint,pana1305,,,,
nzak1246,Nzakambay,nzak1246,,,,
chuw1238,Chuwabu,chuw1238,,,,
baca1246,Bacama,baca1246,,,,
ache1245,Acheron,ache1245,,,,
oroo1241,Oro-NG,oroo1241,,,,
jang1254,Jangshung,jang1254,,,,
mand1442,Mandar-Sulawesi,mand1442,,,,
tahi1242,Tahitian,tahi1242,,,,
hung1278,Hungana,hung1278,,,,
west2560,Bajau-West-Coast,west2560,,,,
cuaa1241,Cua,cuaa1241,,,,
mari1428,Marik,mari1428,,,,
sigh1238,Sighu,sigh1238,,,,
coon1239,Cung,coon1239,,,,
sasa1249,Sasak,sasa1249,,,,
toro1252,Dogon-Toro-Tegu,toro1252,,,,
tira1254,Tira,tira1254,,,,
andi1255,Bandi,andi1255,,,,
kadi1248,Kadiweu,kadi1248,,,,
boko1261,Bokoto,boko1261,,,,
sate1243,Mawé,sate1243,,,,
malu1245,Malua-Bay,malu1245,,,,
lung1249,Lungga,lung1249,,,,
cash1254,Cashinahua,cash1254,,,,
mape1249,Mape,mape1249,,,,
sela1260,Selayar,sela1260,,,,
nara1263,Narango,nara1263,,,,
doma1260,Domaaki,doma1260,,,,
daoo1238,Dao-Moi,daoo1238,,,,
lish1246,Lishan-Didan,lish1246,,,,
arib1241,Aribwatsa-Lae,arib1241,,,,
mung1269,Munggui,mung1269,,,,
west2466,Karaboro-West,west2466,,,,
tang1336,Tangkhul-Naga,tang1336,,,,
chan1310,Chantyal,chan1310,,,,
ghom1257,Ghomala,ghom1257,,,,
awet1244,Aweti,awet1244,,,,
edei1244,Idaca,edei1244,,,,
maca1260,Maka-Maca,maca1260,,,,
buli1254,Buli,buli1254,,,,
shek1244,Shekkacho,shek1244,,,,
pouy1238,Pouye,pouy1238,,,,
bura1269,Burak,bura1269,,,,
kund1255,Kunda,kund1255,,,,
pang1291,Pangutaran-Sama,pang1291,,,,
phra1235,Karen-Phrae-Pwo,phra1235,,,,
bond1248,Dogon-Dondum-Dom,bond1248,,,,
kuli1254,Kulisusu,kuli1254,,,,
nyab1255,Nyabwa,nyab1255,,,,
nyan1305,Nyaneka,nyan1305,,,,
huns1239,Hun-Saare-Duka,huns1239,,,,
sais1237,Saisiyat,sais1237,,,,
awad1244,Awad-Bing,awad1244,,,,
rata1244,Ratahan,rata1244,,,,
ogbr1243,Ogbronuagum,ogbr1243,,,,
tusc1257,Tuscarora,tusc1257,,,,
hali1244,Halia,hali1244,,,,
libe1247,Kpelle-Liberia,libe1247,,,,
moji1238,Gelao-Moji,moji1238,,,,
east2403,Acipa-Western,east2403,,,,
bumm1238,Bum,bumm1238,,,,
boan1242,Boano-Maluku,boan1242,,,,
avat1244,Avatime,avat1244,,,,
bwan1241,Bwanabwana,bwan1241,,,,
sali1295,SalibaAM,sali1295,,,,
sint1235,Romani-Sinti,sint1235,,,,
oyda1235,Oyda,oyda1235,,,,
shar1244,Shark-Bay,shar1244,,,,
wanc1238,Wancho-Naga,wanc1238,,,,
diaa1238,Dira,diaa1238,,,,
east2482,Tawbuid-Western,east2482,,,,
aput1237,Aputai,aput1237,,,,
keng1240,Kyenga,keng1240,,,,
quio1240,Chinantec-Quiotepec,quio1240,,,,
ormu1247,Ormuri,ormu1247,,,,
bawm1236,Chin-Bawm,bawm1236,,,,
yamb1251,Yamba,yamb1251,,,,
fuln1247,Fulnio,fuln1247,,,,
mefe1242,Mefele,mefe1242,,,,
doro1266,Doromu-Koki,doro1266,,,,
sauk1252,Sauk-Ma-Manda,sauk1252,,,,
komi1269,Komi-Permyak,komi1269,,,,
luok1236,Luo-Kenya,luok1236,,,,
sari1246,Sarikoli,sari1246,,,,
fwai1237,Fwai,fwai1237,,,,
bang1363,Bangime,bang1363,,,,
beja1238,Beja,beja1238,,,,
iged1239,Igede,iged1239,,,,
lukp1238,Lukpa-Gur,lukp1238,,,,
aikl1237,Kaul-Aiklep,aikl1237,,,,
kuma1278,Kumalu,kuma1278,,,,
tuva1244,Tuvalu,tuva1244,,,,
nyal1250,Nyali,nyal1250,,,,
sapu1248,Sapuan,sapu1248,,,,
song1303,Songye,song1303,,,,
ejag1239,Ejagham,ejag1239,,,,
furu1242,Uru,furu1242,,,,
awng1244,Awngi,awng1244,,,,
goan1235,Konkani,goan1235,,,,
kang1281,Kangjia,kang1281,,,,
bitu1242,Bitur-PNG,bitu1242,,,,
chim1302,Quichua-Imbabura-Highland,chim1302,,,,
west2386,Punjabi-Western,west2386,,,,
piem1238,Piemontese,piem1238,,,,
jeju1234,Korean-Jejueo,jeju1234,,,,
waim1251,Roro-Waima,waim1251,,,,
lisu1250,Lisu,lisu1250,,,,
abur1243,Bure,abur1243,,,,
imro1237,Imroing,imro1237,,,,
bori1243,Adi-Milang,bori1243,,,,
donn1239,Dogon-Donno-So,donn1239,,,,
moki1238,Mokilese,moki1238,,,,
lowl1260,Chontal-Lowland-Oaxaca,lowl1260,,,,
alak1253,Walak,alak1253,,,,
meta1238,Meta,meta1238,,,,
tiga1245,Tigak,tiga1245,,,,
daas1238,Daasanach,daas1238,,,,
orok1266,Oroko,orok1266,,,,
omba1241,Ombaama,omba1241,,,,
sout2642,Balochi,sout2642,,,,
emba1238,Embaloh,emba1238,,,,
hula1244,Hulaula,hula1244,,,,
lenj1248,Lenje,lenj1248,,,,
cogu1240,Cogui,cogu1240,,,,
yamb1252,Yambetta,yamb1252,,,,
suki1245,Suki,suki1245,,,,
lega1250,Lega-Mwenga,lega1250,,,,
caro1242,Carolinian,caro1242,,,,
sout2739,Tujia-South,sout2739,,,,
tach1250,Tachelhit,tach1250,,,,
ment1249,Mentawei,ment1249,,,,
than1255,Thangal Naga,than1255,,,,
tane1237,Tanema,tane1237,,,,
kamv1242,Kamviri,kamv1242,,,,
masi1265,Masimasi,masi1265,,,,
tobi1239,Tilung,tobi1239,,,,
astu1245,Asturian,astu1245,,,,
mort1237,Mortlockese,mort1237,,,,
uppe1427,Upper-Kinabatangan,uppe1427,,,,
ashe1272,Asheninka-Perene,ashe1272,,,,
laom1237,Laomian,laom1237,,,,
kemt1242,Kemtuik,kemt1242,,,,
auye1238,Auye,auye1238,,,,
sent1260,Chin-Senthang,sent1260,,,,
koba1240,Koba-Maluku,koba1240,,,,
idii1243,Idi,idii1243,,,,
jebe1250,Jebero,jebe1250,,,,
kond1295,Konda-Dora,kond1295,,,,
yaey1239,Yaeyama,yaey1239,,,,
area1240,Uare,area1240,,,,
shar1245,Sharanahua,shar1245,,,,
kups1238,Kupsabiny,kups1238,,,,
pano1255,Panobo,pano1255,,,,
lubu1243,Kalinga-Lubuagan,lubu1243,,,,
dani1285,Danish,dani1285,,,,
jowu1238,Jowulu,jowu1238,,,,
chac1249,Chachi,chac1249,,,,
saur1248,Saurashtra,saur1248,,,,
miga1249,Migama,miga1249,,,,
wamb1259,Wambon,wamb1259,,,,
yamn1237,Sunum-Yamna,yamn1237,,,,
taid1247,Tai-Dam,taid1247,,,,
hars1241,Harsusi,hars1241,,,,
kusa1251,Kusaghe,kusa1251,,,,
gepo1234,Gepo-Gepu,gepo1234,,,,
balk1254,Gagauz,balk1254,,,,
jala1237,Mazatec-Jalapa-de-Diaz,jala1237,,,,
zemb1238,Zemba,zemb1238,,,,
nort2836,Efate-North-Nguna,nort2836,,,,
juwa1238,Juwal,juwa1238,,,,
quin1251,Quinault,quin1251,,,,
mbal1257,Mbala,mbal1257,,,,
oroq1238,Oroqen,oroq1238,,,,
chok1245,Chokwe,chok1245,,,,
sina1266,Sinaugoro,sina1266,,,,
zang1248,Zangskari,zang1248,,,,
bekw1241,Bekwarra,bekw1241,,,,
bung1269,Bungku,bung1269,,,,
mayo1262,Ifugao-Mayoyao,mayo1262,,,,
doya1240,Doyayo,doya1240,,,,
kube1244,Kube,kube1244,,,,
yere1243,Yeretuar-Umar,yere1243,,,,
biem1237,Biem,biem1237,,,,
somr1248,Somrai,somr1248,,,,
pota1247,Potawatomi,pota1247,,,,
timb1251,Timbe,timb1251,,,,
kulo1237,Pazeh,kulo1237,,,,
cent2018,Fulfulde-Cent-East-Niger,cent2018,,,,
resi1247,Resigaro,resi1247,,,,
temb1270,Tembo,temb1270,,,,
tiri1258,Tiri,tiri1258,,,,
sere1260,Serer-Sine,sere1260,,,,
zayy1238,Zay,zayy1238,,,,
urdu1245,Urdu,urdu1245,,,,
mbuk1243,Mbuko,mbuk1243,,,,
midd1327,Silisili-Middle-Watut,midd1327,,,,
bara1367,Barakai,bara1367,,,,
sout2750,Yukaghir-South,sout2750,,,,
yele1255,Lyele,yele1255,,,,
rung1258,Ruga,rung1258,,,,
dobu1241,Dobu,dobu1241,,,,
gola1255,Gola,gola1255,,,,
taji1248,Tajiki,taji1248,,,,
ngom1272,Ngomba,ngom1272,,,,
hler1235,Yi-Hlersu,hler1235,,,,
waim1255,Waimaa,waim1255,,,,
ekpe1253,Ekpeye,ekpe1253,,,,
krun1240,Krung2,krun1240,,,,
mubi1246,Mubi,mubi1246,,,,
burj1242,Burji,burj1242,,,,
mokl1243,Moken,mokl1243,,,,
moni1261,Moni-Papua,moni1261,,,,
reng1252,Rengao,reng1252,,,,
baeg1237,Baeggu,baeg1237,,,,
yend1241,Yendang-Nyandang,yend1241,,,,
mann1248,Mango,mann1248,,,,
moch1256,Mochi,moch1256,,,,
tean1237,Teanu-Buma,tean1237,,,,
redg1235,Gelao-Red,redg1235,,,,
guya1251,Gua,guya1251,,,,
tolo1259,Tolowa,tolo1259,,,,
turk1304,Turkmen,turk1304,,,,
dawe1237,Dawera-Daweloor,dawe1237,,,,
spok1245,Spokane,spok1245,,,,
mmen1238,Mmen,mmen1238,,,,
wuvu1239,Wuvulu,wuvu1239,,,,
kola1285,Kola-AN,kola1285,,,,
hert1241,Hertevin,hert1241,,,,
anka1246,Ankave,anka1246,,,,
tomo1244,Tomoip,tomo1244,,,,
nawu1242,Nawuri,nawu1242,,,,
pula1262,Pular-Fouta-Djallon,pula1262,,,,
zhab1238,Zhaba,zhab1238,,,,
west2402,WestYugur,west2402,,,,
vidu1238,Vidunda,vidu1238,,,,
nuku1259,Nukuria,nuku1259,,,,
yane1238,Yanesha,yane1238,,,,
finl1235,Swedish,finl1235,,,,
biha1246,Bih,biha1246,,,,
nukn1238,Nukna,nukn1238,,,,
kaur1271,Kaure,kaur1271,,,,
cent2194,Tamazight-Central,cent2194,,,,
lahu1252,Shi,lahu1252,,,,
wehh1238,Weh,wehh1238,,,,
levu1239,Levuka,levu1239,,,,
simt1238,Simte,simt1238,,,,
gali1258,Galician,gali1258,,,,
kofy1242,Kofyar,kofy1242,,,,
akee1238,Akei,akee1238,,,,
jiba1237,Jiba,jiba1237,,,,
taga1270,Tagalog,taga1270,,,,
iban1267,Ibanag,iban1267,,,,
tsak1249,Tsakhur,tsak1249,,,,
zaba1237,Zabana,zaba1237,,,,
kiss1246,Kis,kiss1246,,,,
koas1236,Koasati,koas1236,,,,
sele1250,Selepet,sele1250,,,,
dagb1246,Dagbani,dagb1246,,,,
gama1251,Kham-Gamale,gama1251,,,,
chum1261,Chumburung,chum1261,,,,
rade1240,Rhade,rade1240,,,,
dima1251,Dimasa,dima1251,,,,
taku1257,Takuu,taku1257,,,,
nkhu1238,Nkumbi,nkhu1238,,,,
jena1242,Bozo-Jenaama,jena1242,,,,
yaku1245,Yakut,yaku1245,,,,
bial1238,Biali,bial1238,,,,
nort2864,Wemale,nort2864,,,,
kash1274,Kashubian,kash1274,,,,
piya1245,Piya,piya1245,,,,
nepa1253,Kurux-Nepal,nepa1253,,,,
puru1266,Purum,puru1266,,,,
mbun1249,Mbunda,mbun1249,,,,
west2763,Western-Neo-Aramaic,west2763,,,,
mamb1305,Mamboru,mamb1305,,,,
awak1250,Awak,awak1250,,,,
mora1239,Moraid,mora1239,,,,
touo1238,Touo,touo1238,,,,
koor1239,Koorete,koor1239,,,,
sawa1247,Weda-Sawai,sawa1247,,,,
kaga1255,Kalagan-Kagan,kaga1255,,,,
sanb1242,Kuna-San-Blas,sanb1242,,,,
iatm1242,Iatmul,iatm1242,,,,
tuam1242,Tuamotuan,tuam1242,,,,
phui1238,Phuie,phui1238,,,,
mana1295,Manam,mana1295,,,,
bomw1238,Bomwali,bomw1238,,,,
neku1237,Neku,neku1237,,,,
atay1247,Atayal,atay1247,,,,
ayuu1242,Vayu,ayuu1242,,,,
napu1241,Napu,napu1241,,,,
urho1239,Urhobo,urho1239,,,,
mamb1294,Manombai,mamb1294,,,,
mada1285,Madak,mada1285,,,,
tama1336,Tamagario,tama1336,,,,
komc1235,Kom,komc1235,,,,
paip1241,Paipai,paip1241,,,,
ming1252,Mingrelian,ming1252,,,,
ambu1247,Ambulas,ambu1247,,,,
anua1242,Anuak,anua1242,,,,
yala1266,Yalahatan,yala1266,,,,
sawk1238,Sawknah,sawk1238,,,,
nume1242,Nume,nume1242,,,,
mpii1239,Mpi,mpii1239,,,,
gusa1246,Nzema,gusa1246,,,,
hawa1245,Hawaiian,hawa1245,,,,
mala1522,Malayo,mala1522,,,,
bond1247,Bondei,bond1247,,,,
kuma1280,Kuman,kuma1280,,,,
laoo1244,Laro,laoo1244,,,,
khar1288,Maram-Naga,khar1288,,,,
coas1295,Konjo,coas1295,,,,
here1253,Herero,here1253,,,,
alam1246,Alamblak,alam1246,,,,
tont1239,Tontemboan,tont1239,,,,
xian1251,Chinese-Xiang-Loudi,xian1251,,,,
taga1272,Taabwa,taga1272,,,,
yeko1240,Yekora,yeko1240,,,,
sout2782,Fali-South,sout2782,,,,
bint1245,Bintauna,bint1245,,,,
phal1254,Phalura,phal1254,,,,
sang1336,Sangir,sang1336,,,,
sobe1238,Sobei,sobe1238,,,,
bera1259,Bera,bera1259,,,,
daka1243,Dakaka,daka1243,,,,
misk1235,Miskito,misk1235,,,,
tele1256,Telefol,tele1256,,,,
cros1244,Mbembe-CrossRiver,cros1244,,,,
yiwo1237,Yom,yiwo1237,,,,
ambe1248,Ambelau,ambe1248,,,,
nyen1254,Nyenkha,nyen1254,,,,
hunz1247,Hunzib,hunz1247,,,,
mban1268,Mbangwe,mban1268,,,,
sapo1251,Sapo,sapo1251,,,,
rath1242,Rathwi,rath1242,,,,
lowe1412,Kalinga-Tanudan,lowe1412,,,,
ngom1270,Ngom,ngom1270,,,,
kosa1249,Yale,kosa1249,,,,
baan1242,Bartangi,baan1242,,,,
gaoo1237,Songhai-Gao,gaoo1237,,,,
dump1242,Dumpas,dump1242,,,,
gila1241,Gilaki,gila1241,,,,
para1312,Parakana,para1312,,,,
akak1253,Kol-AA,akak1253,,,,
chic1273,Triqui-Chicahuaxtla,chic1273,,,,
urua1244,Uruangnirin,urua1244,,,,
sona1244,Yi-Sonaga,sona1244,,,,
rovi1238,Roviana,rovi1238,,,,
band1343,Banda-Maluku,band1343,,,,
kala1391,Kalabakan,kala1391,,,,
ural1274,Uralic,ural1274,,,,
gari1256,Garifuna,gari1256,,,,
ashk1246,Ashkun,ashk1246,,,,
leng1259,Lengo,leng1259,,,,
shug1248,Shughni,shug1248,,,,
mank1251,Mankanya,mank1251,,,,
baba1266,Babanki,baba1266,,,,
ngam1267,Ngamambo,ngam1267,,,,
kaba1281,Kaba-Na,kaba1281,,,,
tehi1237,Tehit,tehi1237,,,,
tuka1249,Tukang-Besi-South,tuka1249,,,,
ghad1239,Ghadames,ghad1239,,,,
wewe1238,Yi-Western,wewe1238,,,,
kili1268,Kiliwa,kili1268,,,,
chen1266,Chenoua,chen1266,,,,
foau1240,Foau,foau1240,,,,
warn1244,Warnang,warn1244,,,,
thur1255,Turi,thur1255,,,,
kilm1241,Kilmeri,kilm1241,,,,
akaw1239,Akawaio-2,akaw1239,,,,
kork1243,Korku,kork1243,,,,
kint1239,Kintaq,kint1239,,,,
ngam1268,Ngamay,ngam1268,,,,
ndoo1242,Endo,ndoo1242,,,,
decc1239,Deccan-Dakkani-Urdu,decc1239,,,,
sang1337,Sangil,sang1337,,,,
lian1251,Liangmai-Naga,lian1251,,,,
pang1287,Pangwali,pang1287,,,,
tuot1238,Tuotomb,tuot1238,,,,
nila1244,Nila-Maluku,nila1244,,,,
taly1247,Talysh,taly1247,,,,
ebug1241,Ebughu,ebug1241,,,,
khow1242,Khowar,khow1242,,,,
awut1241,Awutu,awut1241,,,,
berb1259,Dutch,berb1259,,,,
kora1291,Korandje,kora1291,,,,
dong1293,Ong,dong1293,,,,
lamp1242,Lampung-Nyo,lamp1242,,,,
tich1238,Tichurong,tich1238,,,,
ambl1237,Amblong,ambl1237,,,,
dars1235,Daju-Dar-Sila,dars1235,,,,
dolg1241,Dolgan,dolg1241,,,,
gale1259,Galela,gale1259,,,,
nort2810,Grebo-Northern,nort2810,,,,
male1282,Maleng,male1282,,,,
afit1238,Afitti,afit1238,,,,
kabw1241,Kabwa,kabw1241,,,,
isok1239,Isoko,isok1239,,,,
shil1265,Shilluk,shil1265,,,,
aari1239,Laari,aari1239,,,,
kuru1302,Kurukh,kuru1302,,,,
munj1244,Munji,munj1244,,,,
phua1239,Phuan,phua1239,,,,
kurt1250,Kuri,kurt1250,,,,
bezh1248,Bezhta,bezh1248,,,,
koon1245,Koonzime,koon1245,,,,
kave1238,Kavet,kave1238,,,,
bulg1240,Bulgarian,bulg1240,,,,
shem1239,Senufo-Shempire,shem1239,,,,
biaf1240,Biafada,biaf1240,,,,
duup1238,Duupa,duup1238,,,,
yagw1240,Yagwoia,yagw1240,,,,
horp1239,Horpa,horp1239,,,,
kimm1246,Krim,kimm1246,,,,
nguo1239,Nguon,nguo1239,,,,
cacu1241,Cacua,cacu1241,,,,
roto1249,Rotokas,roto1249,,,,
quio1241,Zapotec-Quioquitani,quio1241,,,,
toro1249,Tooro,toro1249,,,,
nort2702,Gondi-Southern,nort2702,,,,
mala1487,Malasanga-Pano,mala1487,,,,
folo1238,Folopa,folo1238,,,,
wapi1253,Wapishana,wapi1253,,,,
nucl1632,Sentani,nucl1632,,,,
ladi1251,Ladin,ladi1251,,,,
aghe1239,Aghem,aghe1239,,,,
gumu1244,Gumuz-Sirba-Abay,gumu1244,,,,
laht1236,Karen-Lahtha,laht1236,,,,
mail1248,Mailu-Magi,mail1248,,,,
swis1247,GermanSwiss,swis1247,,,,
halb1244,Halbi,halb1244,,,,
weri1253,Weri,weri1253,,,,
topo1242,Toposa,topo1242,,,,
viem1243,Viemo,viem1243,,,,
omag1248,Omagua,omag1248,,,,
buna1278,Bunak,buna1278,,,,
okpa1238,Okpamheri,okpa1238,,,,
zoro1242,Zoroastrian,zoro1242,,,,
pali1274,Paniyan,pali1274,,,,
gabr1253,Gabri,gabr1253,,,,
moha1258,Mohawk,moha1258,,,,
komi1268,Komi-Zyrian,komi1268,,,,
bunu1267,Bunun,bunu1267,,,,
dhim1246,Dhimal,dhim1246,,,,
tsog1243,Tsogo,tsog1243,,,,
hajo1238,Hajong,hajo1238,,,,
buna1276,Bunama,buna1276,,,,
kund1257,Kundal-Shahi,kund1257,,,,
osos1238,Ososo,osos1238,,,,
romb1245,Romblomanon,romb1245,,,,
suya1243,Suoy,suya1243,,,,
kwan1278,Kwangali,kwan1278,,,,
lauj1238,Lauje,lauj1238,,,,
youn1235,younuo,youn1235,,,,
mayo1261,Mayogo,mayo1261,,,,
poum1235,Poumai-Naga,poum1235,,,,
paha1251,Pahari-Potwari,paha1251,,,,
ling1265,Lingarak-Neverver,ling1265,,,,
mala1464,Malayalam,mala1464,,,,
east2332,Bru-Western,east2332,,,,
jawe1237,Jawe,jawe1237,,,,
mbul1258,Mbulungish,mbul1258,,,,
sege1235,Seget,sege1235,,,,
kara1462,Karagas,kara1462,,,,
bank1256,Bankon,bank1256,,,,
cayu1261,Cayuga,cayu1261,,,,
mwan1250,Mwani,mwan1250,,,,
yoco1235,Dida-Yokoboue,yoco1235,,,,
shua1257,Shuar,shua1257,,,,
domm1246,Dogon-Yanda-Dom,domm1246,,,,
ikpo1238,Ikposo,ikpo1238,,,,
simb1256,Simbo,simb1256,,,,
vaii1241,Vai,vaii1241,,,,
cash1251,Cashibo-Cacataibo,cash1251,,,,
mans1258,Northern Mansi,mans1258,,,,
fiji1242,Hindi-Fiji,fiji1242,,,,
ngiz1242,Ngizim,ngiz1242,,,,
hata1243,Hatam,hata1243,,,,
soch1239,Chinantec-Sochiapan,soch1239,,,,
didi1258,Didinga,didi1258,,,,
mand1409,Mandyali,mand1409,,,,
kwes1245,Kwesten,kwes1245,,,,
west2599,Kewa-East,west2599,,,,
boun1245,Bo-Ung,boun1245,,,,
gana1274,Gana-Sabah,gana1274,,,,
ukit1237,Ukit,ukit1237,,,,
sout2958,Carrier,sout2958,,,,
lete1241,Letemboi,lete1241,,,,
zial1235,Zialo,zial1235,,,,
umbu1258,Umbu-Ungu,umbu1258,,,,
niii1240,Nisi,niii1240,,,,
aral1243,Aralle-Tabulahan,aral1243,,,,
amar1274,Amarakaeri,amar1274,,,,
khis1238,Khisa,khis1238,,,,
herd1236,Herde,herd1236,,,,
koru1245,Korupun-Sela,koru1245,,,,
tsak1250,Tsaukambo,tsak1250,,,,
kuri1259,Kuria,kuri1259,,,,
kali1308,Kalispel,kali1308,,,,
defa1248,Defaka,defa1248,,,,
wame1240,Wamey,wame1240,,,,
tima1241,Tima,tima1241,,,,
wood1236,Cree-Woods,wood1236,,,,
keiy1238,Keiyo,keiy1238,,,,
keda1252,Kedang,keda1252,,,,
east2544,Abenaki-Western,east2544,,,,
tina1248,Tina Sambal,tina1248,,,,
paok1235,Karen-Pa-o,paok1235,,,,
jiam1236,Li-Jiamao,jiam1236,,,,
boht1238,Bohtan-Neo-Aramaic,boht1238,,,,
pwon1235,Karen-Northern-Pwo,pwon1235,,,,
desa1247,Desano,desa1247,,,,
lein1237,Naga-Leinong,lein1237,,,,
ling1262,Lingao,ling1262,,,,
toda1252,Toda,toda1252,,,,
mati1250,Manobo-Matig-Salug,mati1250,,,,
nort2725,N-Rengma-Naga,nort2725,,,,
sama1300,Sama-Balangingi,sama1300,,,,
saam1282,Sakam,saam1282,,,,
pamp1244,Atta-Pamplona,pamp1244,,,,
mand1436,Mandinka,mand1436,,,,
lipo1242,Lipo,lipo1242,,,,
temm1241,Tem,temm1241,,,,
magd1235,Mixteco-Magdalen-Penasco,magd1235,,,,
baki1244,Baki-AN,baki1244,,,,
muin1242,Muinane,muin1242,,,,
mari1432,Mari-East,mari1432,,,,
hinu1240,Hinukh,hinu1240,,,,
samo1305,Samoan,samo1305,,,,
auhe1237,Auhelawa,auhe1237,,,,
pinj1243,Pinji,pinj1243,,,,
bidi1241,Bidiyo,bidi1241,,,,
yano1261,Yanomamo,yano1261,,,,
khir1237,Khirwar-Palamu,khir1237,,,,
pica1241,picard,pica1241,,,,
sher1255,Sherpa,sher1255,,,,
vene1258,Venetian,vene1258,,,,
vunj1238,Vunjo,vunj1238,,,,
byep1241,Byep,byep1241,,,,
gban1258,Gbanzili,gban1258,,,,
aulu1238,Aulua,aulu1238,,,,
obol1243,Obolo,obol1243,,,,
lima1246,Limassa,lima1246,,,,
mask1242,Maskelynes,mask1242,,,,
kumy1244,Kumyk,kumy1244,,,,
mars1254,Marshallese,mars1254,,,,
muss1246,Mussau-Emira,muss1246,,,,
ingu1240,Ingush,ingu1240,,,,
umaa1242,Uma-SL,umaa1242,,,,
beez1238,Beezen,beez1238,,,,
nasa1240,Nasarian,nasa1240,,,,
tiru1241,Tiruray,tiru1241,,,,
mbaa1245,Mbay,mbaa1245,,,,
bhar1241,Bharia,bhar1241,,,,
lako1244,Lakota,lako1244,,,,
ngam1282,Ngam,ngam1282,,,,
hree1244,Hre,hree1244,,,,
huau1237,Hualulu,huau1237,,,,
rakh1245,Rakhine,rakh1245,,,,
piny1238,Pinyin,piny1238,,,,
burm1263,Banam Bay-Burmbar,burm1263,,,,
gung1250,Gungu,gung1250,,,,
buru1320,Burunge,buru1320,,,,
makh1261,Makhuwa-Meetto,makh1261,,,,
skol1241,Sami-Skolt,skol1241,,,,
tase1235,Tase-Naga,tase1235,,,,
ipul1238,Ipulo,ipul1238,,,,
tawr1235,Thawr Chin,tawr1235,,,,
rotu1241,Rotuman,rotu1241,,,,
gudu1252,Guduf-Gava,gudu1252,,,,
idum1241,Idu,idum1241,,,,
gbii1242,Gbii,gbii1242,,,,
tena1240,Quichua-Tena,tena1240,,,,
corn1251,Cornish,corn1251,,,,
kome1238,Koring,kome1238,,,,
duau1237,Duau,duau1237,,,,
irul1243,Irula,irul1243,,,,
rung1255,Runga,rung1255,,,,
saya1246,Saya,saya1246,,,,
ilia1236,Manobo-Ilianen,ilia1236,,,,
tepo1239,Krumen-Tepo,tepo1239,,,,
sele1249,Selee,sele1249,,,,
nand1264,Nande,nand1264,,,,
hiww1237,Hiw,hiww1237,,,,
pana1303,Panasuan,pana1303,,,,
rama1270,Rama,rama1270,,,,
kair1267,Qairaq-Kairak,kair1267,,,,
waga1268,Wagawaga,waga1268,,,,
dehu1237,Dehu,dehu1237,,,,
ludi1246,Ludian,ludi1246,,,,
tomb1243,Tombulu,tomb1243,,,,
korw1242,Korwa,korw1242,,,,
mixt1425,Mixteco-Mixtepec,mixt1425,,,,
fata1245,Fataleka,fata1245,,,,
kaer1234,Kaera,kaer1234,,,,
tawa1286,Tawallammat-Tamajaq,tawa1286,,,,
guhu1244,Guhu-Samane,guhu1244,,,,
leal1235,Chinantec-Lealao,leal1235,,,,
indo1318,Portuguese,indo1318,,,,
alab1254,Alaba,alab1254,,,,
hmar1241,Hmar,hmar1241,,,,
paku1239,Karen-Paku,paku1239,,,,
sikk1242,Sikkimese-Bhutia,sikk1242,,,,
nkor1239,Nkoroo,nkor1239,,,,
edol1239,Edolo,edol1239,,,,
mewa1249,Mewari,mewa1249,,,,
ulit1238,Ulithian,ulit1238,,,,
tond1251,Tondano,tond1251,,,,
shan1283,Shanenawa,shan1283,,,,
toho1245,Tohono O'odham-Papago,toho1245,,,,
pura1253,Puragi,pura1253,,,,
adas1235,Adasen,adas1235,,,,
mbee1249,Mbe-Nigeria,mbee1249,,,,
gwen1239,Gweno,gwen1239,,,,
kofe1239,Kofei,kofe1239,,,,
alag1242,Alago,alag1242,,,,
rajb1243,Rajbanshi,rajb1243,,,,
cunn1236,Cun,cunn1236,,,,
male1292,Passamaquoddy,male1292,,,,
bata1301,Batak-PH,bata1301,,,,
oldu1238,Uighur,oldu1238,,,,
bell1243,Bella-Coola,bell1243,,,,
klao1243,Kalao,klao1243,,,,
nort3270,Kataang-Northern,nort3270,,,,
sout2883,Babar-Southeast,sout2883,,,,
ngeq1245,Riang,ngeq1245,,,,
tuts1235,Naga-Tutsa,tuts1235,,,,
bant1293,Bantayanon,bant1293,,,,
sind1270,Sindhi,sind1270,,,,
dzuu1241,Dzuungoo,dzuu1241,,,,
baru1267,Baruya,baru1267,,,,
rawa1264,Rawa,rawa1264,,,,
sgaw1245,Karen-Sgaw,sgaw1245,,,,
icel1236,Icelandic,icel1236,,,,
sanb1241,Zapotec-San-Baltaza-Loxicah,sanb1241,,,,
sale1244,Saleman,sale1244,,,,
samb1315,Samburu,samb1315,,,,
kemb1235,Kemberano,kemb1235,,,,
mpuo1241,Mpuono-Mbuun,mpuo1241,,,,
saaf1238,Saafi-Saafi,saaf1238,,,,
nava1243,Navajo,nava1243,,,,
taru1236,Tairuma,taru1236,,,,
remo1248,Remo,remo1248,,,,
zakh1243,Zakhring-Meyor,zakh1243,,,,
kani1281,Kaninuwa,kani1281,,,,
nort2875,Tiwa-Northern,nort2875,,,,
nkem1242,Nkem-Nkum,nkem1242,,,,
cent2150,Tunebo-Central,cent2150,,,,
mand1440,Mandara-Tabar,mand1440,,,,
ennn1243,En,ennn1243,,,,
ahir1243,Ahirani,ahir1243,,,,
lamp1243,Lampung-Api,lamp1243,,,,
cent2084,Agta-Central-Cagayan,cent2084,,,,
iaai1238,Iaai,iaai1238,,,,
mund1327,Mundani,mund1327,,,,
daai1236,Chin-Daai,daai1236,,,,
sech1246,Sechelt,sech1246,,,,
selu1243,Selungai,selu1243,,,,
koyo1242,Koyo,koyo1242,,,,
shaw1249,Shawnee,shaw1249,,,,
bant1286,Bantik,bant1286,,,,
tefa1238,Tefaro,tefa1238,,,,
kild1236,Sami-Kildin,kild1236,,,,
umbu1257,Umbundu,umbu1257,,,,
geji1246,Geji,geji1246,,,,
kara1464,Karaim,kara1464,,,,
moco1246,Mocovi,moco1246,,,,
kama1357,Kamayura,kama1357,,,,
kare1335,Karelian,kare1335,,,,
sema1266,Semai,sema1266,,,,
pars1251,Paresi,pars1251,,,,
dugw1239,Dugwor,dugw1239,,,,
riri1237,Ririo,riri1237,,,,
mudu1239,Muduga,mudu1239,,,,
bush1247,Bushong,bush1247,,,,
yomb1244,Yombe,yomb1244,,,,
dato1239,Datooga,dato1239,,,,
west2488,Krahn-West,west2488,,,,
wels1247,Welsh,wels1247,,,,
mang1416,Mangas,mang1416,,,,
teri1250,Teribe,teri1250,,,,
sant1424,Cora-Santa-Teresa,sant1424,,,,
ramp1243,Rampi,ramp1243,,,,
eton1255,Eton,eton1255,,,,
anga1290,Angaathaha,anga1290,,,,
piap1246,Piapoco,piap1246,,,,
byan1241,Byangsi,byan1241,,,,
sekp1241,Sekpele,sekp1241,,,,
omii1238,Omi,omii1238,,,,
sang1315,Sangasari,sang1315,,,,
tuli1249,Tulishi,tuli1249,,,,
mang1399,Kanuri-Manga,mang1399,,,,
jola1262,Jola-Kaasa,jola1262,,,,
kutu1263,Kutu,kutu1263,,,,
pisa1237,Tepehua-Pisaflores,pisa1237,,,,
jurm1239,Jur-Modo,jurm1239,,,,
laal1242,Laal,laal1242,,,,
repa1237,Repanbitip,repa1237,,,,
okpe1250,Edo,okpe1250,,,,
wotu1240,Wotu,wotu1240,,,,
naml1240,Nama,naml1240,,,,
darm1243,Darmiya,darm1243,,,,
even1259,Evenki,even1259,,,,
inon1237,Inonhan,inon1237,,,,
dadi1250,Dadibi,dadi1250,,,,
nyam1276,Nyamwezi,nyam1276,,,,
male1297,Maleku-Jaika,male1297,,,,
seka1250,Sekani,seka1250,,,,
dzon1239,Dzongkha,dzon1239,,,,
kura1250,Kuranko,kura1250,,,,
ihaa1241,Iha-Papua,ihaa1241,,,,
tazn1238,Taznatit,tazn1238,,,,
osag1243,Osage,osag1243,,,,
kayu1243,Kayupulau,kayu1243,,,,
shum1243,Shumcho,shum1243,,,,
malt1238,Maltese,malt1238,,,,
mayo1264,Yessan-Mayo,mayo1264,,,,
samb1305,Samba-Leko,samb1305,,,,
ngwe1238,Ngwe,ngwe1238,,,,
quil1240,Quileute,quil1240,,,,
chot1239,Chothe,chot1239,,,,
deng1250,Dengese,deng1250,,,,
food1238,Foodo,food1238,,,,
bomk1234,Kim,bomk1234,,,,
grom1238,Roma,grom1238,,,,
bayo1260,Bayono,bayo1260,,,,
bira1253,Birale,bira1253,,,,
selk1253,Selkup-North,selk1253,,,,
genn1243,Gen-Gbe,genn1243,,,,
barc1235,Grebo-Barclayville,barc1235,,,,
luia1234,Luri,luia1234,,,,
tamp1251,Tampuan,tamp1251,,,,
vinm1237,Vinmavis,vinm1237,,,,
mako1251,Makonde,mako1251,,,,
chey1247,Cheyenne,chey1247,,,,
ilok1237,Loko,ilok1237,,,,
roma1327,Rumanian,roma1327,,,,
mpot1241,Mpotovoro,mpot1241,,,,
pape1239,Papel,pape1239,,,,
chin1475,Chinali,chin1475,,,,
oldt1248,Tamil,oldt1248,,,,
nume1241,Numee,nume1241,,,,
yoyy1238,Yoy,yoyy1238,,,,
buwa1243,Buwal,buwa1243,,,,
choc1276,Choctaw,choc1276,,,,
hote1245,Hote,hote1245,,,,
nige1255,Mambila-Nigerian,nige1255,,,,
dedu1240,Dedua,dedu1240,,,,
anuu1241,Anu,anuu1241,,,,
pulu1242,Puluwatese,pulu1242,,,,
cent2131,Tarahumara-Central,cent2131,,,,
bedo1237,Bedoanas,bedo1237,,,,
mosk1236,Moskona,mosk1236,,,,
ghod1238,Godoberi,ghod1238,,,,
babi1235,Babine,babi1235,,,,
nyah1249,Nyaheun,nyah1249,,,,
psik1239,Psikye,psik1239,,,,
aigh1235,Aighon,aigh1235,,,,
bafi1243,Bafia,bafi1243,,,,
bhat1265,Bhatri,bhat1265,,,,
kabo1247,Kabola,kabo1247,,,,
suwa1241,Suwawa,suwa1241,,,,
guru1261,Gurung-West,guru1261,,,,
ncan1245,Nchane,ncan1245,,,,
peng1244,Pengo,peng1244,,,,
gamb1252,Wolof,gamb1252,,,,
mroc1235,Chin-Mro,mroc1235,,,,
nyun1247,Nyungar,nyun1247,,,,
ndun1249,Nduga,ndun1249,,,,
tupa1250,Tupari,tupa1250,,,,
lasa1237,Lasalimu,lasa1237,,,,
sanm1287,Huave-Mateo-del-Mar,sanm1287,,,,
tapi1254,Tapirape,tapi1254,,,,
opao1240,Opao,opao1240,,,,
boli1256,Bolinao,boli1256,,,,
suma1270,Suau,suma1270,,,,
iyiv1238,Iyive,iyiv1238,,,,
dela1251,Dela-Oenale,dela1251,,,,
haro1237,Haroi,haro1237,,,,
woli1241,Wolio,woli1241,,,,
tuma1250,Tuma-Irumu,tuma1250,,,,
lote1237,Lote,lote1237,,,,
nyem1238,Yemba,nyem1238,,,,
alur1250,Alur,alur1250,,,,
monz1249,Monzombo,monz1249,,,,
east2357,Mnong-Eastern,east2357,,,,
saar1237,Saaroa,saar1237,,,,
cams1241,Camsa,cams1241,,,,
mofu1248,Mofu-Gudur,mofu1248,,,,
arop1242,Arop-Sissano,arop1242,,,,
kuma1275,Kumam,kuma1275,,,,
kowi1239,Kowiai,kowi1239,,,,
boky1238,Bokyi,boky1238,,,,
kach1272,KachiKoli,kach1272,,,,
keig1242,Keiga,keig1242,,,,
baan1241,Baoan,baan1241,,,,
haka1240,Chin-Haka,haka1240,,,,
cham1318,Chamicuro,cham1318,,,,
coos1249,Coos,coos1249,,,,
sewa1251,Sewa-Bay,sewa1251,,,,
kipu1237,Kiput,kipu1237,,,,
inap1243,Inapari,inap1243,,,,
surg1246,Surgujia,surg1246,,,,
tivv1240,Tiv,tivv1240,,,,
hida1246,Hidatsa,hida1246,,,,
mang1381,Manggarai,mang1381,,,,
yopn1238,Yopno,yopn1238,,,,
anaa1238,Anaang,anaa1238,,,,
boru1252,Boruca,boru1252,,,,
pata1262,Pamona,pata1262,,,,
domu1246,Domung,domu1246,,,,
dera1245,Dera,dera1245,,,,
sout2729,Pumi-South,sout2729,,,,
nkoy1244,Nkonya,nkoy1244,,,,
biat1246,Biatah-Bidayuh,biat1246,,,,
futu1245,Futuna-Aniwa,futu1245,,,,
boro1277,Karo-Ethiopia,boro1277,,,,
komb1273,Kombai,komb1273,,,,
embu1241,Embu,embu1241,,,,
sout2896,Lembata-South,sout2896,,,,
dyug1238,Dugun,dyug1238,,,,
bunn1240,Buin,bunn1240,,,,
bidy1243,Badyara,bidy1243,,,,
komy1238,Komyandaret,komy1238,,,,
deor1238,Deori,deor1238,,,,
samm1244,Sam-PNG,samm1244,,,,
yuch1247,Yuchi,yuch1247,,,,
kuwa1247,Kuwaa,kuwa1247,,,,
umes1235,Sami-Ume,umes1235,,,,
inar1241,Sami-Inari,inar1241,,,,
korr1238,Koraga,korr1238,,,,
tons1239,Tonsawang,tons1239,,,,
delo1240,Delo,delo1240,,,,
sumi1235,Sumi-Naga,sumi1235,,,,
zana1238,Zanaki,zana1238,,,,
ocai1244,Ocaina,ocai1244,,,,
moru1253,Moru,moru1253,,,,
west2535,Masela-East,west2535,,,,
liab1237,Liabuku,liab1237,,,,
adel1244,Adele,adel1244,,,,
gamo1243,Gamo-Ethiopia,gamo1243,,,,
khmu1256,Khmu,khmu1256,,,,
kush1236,Kushi,kush1236,,,,
chim1309,Chimila,chim1309,,,,
puoc1238,Puoc,puoc1238,,,,
solo1258,Solong-Arawe,solo1258,,,,
bhay1238,Haya,bhay1238,,,,
yang1293,Yangben,yang1293,,,,
nuku1260,Nukuoro,nuku1260,,,,
avok1242,Avokaya,avok1242,,,,
nden1248,Ndengeleko,nden1248,,,,
owin1240,Owiniga,owin1240,,,,
numb1247,Numbami-Siboma,numb1247,,,,
oksa1245,Oksapmin,oksa1245,,,,
jahh1242,Jah-Hut,jahh1242,,,,
alab1237,Alabama,alab1237,,,,
ngwo1241,Ngwo,ngwo1241,,,,
winy1241,Winye,winy1241,,,,
yuku1243,Yukuben,yuku1243,,,,
misi1243,Misima-Paneati,misi1243,,,,
cent2098,Berawan-Central,cent2098,,,,
chit1274,ChiwanTharu,chit1274,,,,
kimb1241,Kimbundu,kimb1241,,,,
lama1278,Lamalera,lama1278,,,,
cube1242,Cubeo,cube1242,,,,
paiw1248,Paiwan,paiw1248,,,,
beng1280,Bengali,beng1280,,,,
taji1246,Tajio,taji1246,,,,
bafu1246,Bafut,bafu1246,,,,
anci1244,Hebrew,anci1244,,,,
chhu1238,Chhulung-Rai,chhu1238,,,,
cahu1264,Cahuila,cahu1264,,,,
cebu1242,Cebuano,cebu1242,,,,
gyel1242,Gyele-Bakola,gyel1242,,,,
famm1241,Fyam,famm1241,,,,
lind1248,Linda-Tado,lind1248,,,,
yagu1244,Yagua,yagu1244,,,,
buol1237,Buol,buol1237,,,,
west2721,Oromo-West-Central,west2721,,,,
meng1263,Mengisa,meng1263,,,,
kang1280,Kangri,kang1280,,,,
kalk1245,Kalkoti,kalk1245,,,,
sama1240,Samarokena,sama1240,,,,
orow1242,Orowe,orow1242,,,,
mouk1239,Mouk-Aria,mouk1239,,,,
onei1249,Oneida,onei1249,,,,
bakw1243,Bakwe,bakw1243,,,,
bret1244,Breton,bret1244,,,,
yero1238,Yerong,yero1238,,,,
ashe1269,She,ashe1269,,,,
fang1248,Fang,fang1248,,,,
phen1239,Phende,phen1239,,,,
mong1338,Mongo-Nkundu,mong1338,,,,
nobo1238,Nobonob,nobo1238,,,,
teee1242,Teen,teee1242,,,,
bauz1241,Bauzi,bauz1241,,,,
nung1292,Nunu,nung1292,,,,
lagw1237,Lagwan,lagw1237,,,,
mach1266,Machame,mach1266,,,,
lola1248,Lolak,lola1248,,,,
nucl1696,Tangale,nucl1696,,,,
nort2671,Sami-North,nort2671,,,,
nobi1240,Nubian-Nobiin,nobi1240,,,,
luch1239,Luchazi,luch1239,,,,
nila1242,Nilamba,nila1242,,,,
sanp1261,Zapotec-Quiatoni,sanp1261,,,,
jeme1245,Jemez,jeme1245,,,,
kamb1316,Kambaata,kamb1316,,,,
savi1242,Savi,savi1242,,,,
mama1275,Mamanwa,mama1275,,,,
xaas1235,Xaasongaxango,xaas1235,,,,
tumu1242,Sisaali-Tumulung,tumu1242,,,,
mbok1243,Mboko,mbok1243,,,,
gogo1265,Gogodala,gogo1265,,,,
bala1314,Balaesan,bala1314,,,,
gito1238,Gitonga,gito1238,,,,
arak1252,Araki,arak1252,,,,
nort2959,Tepehuan-Northern,nort2959,,,,
abui1241,Abui,abui1241,,,,
tien1242,Tiene-Tende,tien1242,,,,
juan1238,Juang,juan1238,,,,
kron1241,Krongo,kron1241,,,,
baet1237,Baetora,baet1237,,,,
yagn1238,Yaghnobi,yagn1238,,,,
suru1262,Surui,suru1262,,,,
bafa1249,Bafanji,bafa1249,,,,
tung1290,Tungag-Lavongai,tung1290,,,,
bang1339,Bangala,bang1339,,,,
lole1239,Lole-Roti,lole1239,,,,
west2630,Dani-Western,west2630,,,,
tahl1239,Tahltan,tahl1239,,,,
basq1248,Basque,basq1248,,,,
teni1244,Tenis,teni1244,,,,
papu1251,Papuma,papu1251,,,,
zenz1235,Chatino-Zenzontepec,zenz1235,,,,
bine1240,Bine,bine1240,,,,
seng1278,Sengele,seng1278,,,,
anut1237,Anuta,anut1237,,,,
kaba1278,Kabardian,kaba1278,,,,
newa1246,Newari-Kathmandu,newa1246,,,,
budu1250,Budu,budu1250,,,,
mwag1236,Mwaghavul,mwag1236,,,,
bana1305,Bana,bana1305,,,,
mser1242,Mer,mser1242,,,,
yuhu1238,Yuhup,yuhu1238,,,,
clel1238,Clela,clel1238,,,,
sank1253,Maninka-Sankaran,sank1253,,,,
ansu1237,Ansus,ansu1237,,,,
usag1244,Usaghade,usag1244,,,,
khan1272,Khandeshi,khan1272,,,,
kase1253,Kasem,kase1253,,,,
pite1240,Sami-Pite,pite1240,,,,
ramo1244,Ramoaaina,ramo1244,,,,
mons1234,Monsang,mons1234,,,,
ujir1237,Ujir,ujir1237,,,,
dand1238,Maria-Dandami,dand1238,,,,
pyek1235,Krumen-Pye,pyek1235,,,,
sout2668,Hindko,sout2668,,,,
tata1257,Tatana,tata1257,,,,
chod1238,Chodri,chod1238,,,,
vafs1240,Vafsi,vafs1240,,,,
kolb1240,Kolbila,kolb1240,,,,
copa1237,Triqui-Copala,copa1237,,,,
port1286,Port-Vato,port1286,,,,
biak1248,Biak,biak1248,,,,
puin1248,Puinave,puin1248,,,,
bala1315,Balantak,bala1315,,,,
fuli1240,Fuliiru,fuli1240,,,,
mind1255,Mindiri,mind1255,,,,
rajp1235,Garasia-Rajput,rajp1235,,,,
kora1292,Korana,kora1292,,,,
adiv1239,Oriya,adiv1239,,,,
bong1284,Bongili,bong1284,,,,
chak1271,Chakali,chak1271,,,,
mull1244,Mullu-Kurumba,mull1244,,,,
samp1249,Sampang,samp1249,,,,
keya1238,Keyagana,keya1238,,,,
peta1245,Petats,peta1245,,,,
tama1340,Tama,tama1340,,,,
dadi1249,Dadiya,dadi1249,,,,
aluk1238,Kurumba-Alu,aluk1238,,,,
thom1243,Thompson,thom1243,,,,
fung1245,Fungwa,fung1245,,,,
nali1244,Nalik,nali1244,,,,
axam1237,Axamb,axam1237,,,,
mait1250,Maithili,mait1250,,,,
sida1246,Sidamo,sida1246,,,,
kala1256,Kalabra,kala1256,,,,
puri1262,Purik,puri1262,,,,
lore1244,Lorediakarkar,lore1244,,,,
maba1273,Mabaan,maba1273,,,,
torw1241,Torwali,torw1241,,,,
juru1256,Juruna,juru1256,,,,
jion1236,Jiongnai,jion1236,,,,
buma1247,Bumang,buma1247,,,,
toto1304,Tolitoli,toto1304,,,,
cent1992,Mnong-Central,cent1992,,,,
djeo1235,Jabuti,djeo1235,,,,
alek1238,Alekano,alek1238,,,,
west2615,Apache-Western,west2615,,,,
lhom1239,Lhomi,lhom1239,,,,
esim1238,Esimbi,esim1238,,,,
sanf1262,Matlatzinca,sanf1262,,,,
bahi1254,Bahinemo,bahi1254,,,,
glav1244,Glavda,glav1244,,,,
xinc1247,Xinca,xinc1247,,,,
ngun1272,Ngungwel,ngun1272,,,,
buga1250,Bukawac,buga1250,,,,
gamb1251,Kambera,gamb1251,,,,
busa1254,Busami,busa1254,,,,
kafa1242,Kafa,kafa1242,,,,
nyat1246,Nyaturu,nyat1246,,,,
adiw1235,Garasia,adiw1235,,,,
sana1298,Sanapana,sana1298,,,,
vagh1249,Vaghua,vagh1249,,,,
tala1285,Talaud,tala1285,,,,
sarr1246,Siar,sarr1246,,,,
kone1241,Koneraw,kone1241,,,,
aimo1244,Aimol,aimo1244,,,,
cowl1242,Cowlitz,cowl1242,,,,
kaka1264,Kakanda,kaka1264,,,,
anii1245,Anii,anii1245,,,,
hais1244,Haisla,hais1244,,,,
erav1242,Eravallan,erav1242,,,,
nort2727,Lohorong,nort2727,,,,
muns1251,Munsee,muns1251,,,,
kagu1239,Kagulu,kagu1239,,,,
pemo1248,Pemon,pemo1248,,,,
sant1410,Santali,sant1410,,,,
dalo1238,Bete-Daloa,dalo1238,,,,
ndum1239,Ndumu,ndum1239,,,,
czec1258,Czech,czec1258,,,,
kere1283,Kerewe,kere1283,,,,
nuku1258,Nukumanu,nuku1258,,,,
lowe1385,LowerSorbian,lowe1385,,,,
bimi1240,Bimin,bimi1240,,,,
sira1266,Sira,sira1266,,,,
timu1262,Murut-Timugon,timu1262,,,,
kove1237,Kove,kove1237,,,,
dita1238,Ditammari,dita1238,,,,
lele1264,Lelemi,lele1264,,,,
macu1260,Macuna,macu1260,,,,
kana1291,Kanamari,kana1291,,,,
mina1268,Minangkabau,mina1268,,,,
ghul1238,Nubian-Ghulfan,ghul1238,,,,
paci1278,Yupik,paci1278,,,,
sher1258,Sherbro,sher1258,,,,
east2352,Magar-East,east2352,,,,
pure1242,Tarascan-Purepecha,pure1242,,,,
hueh1236,Tepehua-Huehuetla,hueh1236,,,,
heil1246,Heiltsuk,heil1246,,,,
gvok1239,Gvoko,gvok1239,,,,
kwam1252,Kwamera,kwam1252,,,,
mish1244,Miship,mish1244,,,,
woii1237,Wooi,woii1237,,,,
agua1253,Aguaruna,agua1253,,,,
wakh1245,Wakhi,wakh1245,,,,
miyo1238,Miyobe-Sola,miyo1238,,,,
east2440,Makian-East,east2440,,,,
egyp1253,Arabic-Egyptian,egyp1253,,,,
kamm1249,Kam-NG,kamm1249,,,,
nort2686,Bai-Northern,nort2686,,,,
nort2930,Kiwai-Northeast,nort2930,,,,
assy1241,Assyrian,assy1241,,,,
tipp1239,Tiperra,tipp1239,,,,
dusn1237,Dusner,dusn1237,,,,
waiw1244,Waiwai,waiw1244,,,,
zulg1242,Gemzek,zulg1242,,,,
louu1245,Lou-Manus,louu1245,,,,
lash1243,Lashi,lash1243,,,,
arme1259,Armenian,arme1259,,,,
puxi1243,Chinese-Min-Puxian,puxi1243,,,,
orok1269,Orokaiva,orok1269,,,,
tait1250,Dawida-Taita,tait1250,,,,
waig1243,Waigali,waig1243,,,,
kubo1242,Kubo,kubo1242,,,,
tson1249,Tsonga,tson1249,,,,
jita1239,Jita,jita1239,,,,
kuik1246,Kuikúro,kuik1246,,,,
hoby1242,Hobyot,hoby1242,,,,
duri1242,Duri,duri1242,,,,
kuni1268,Kunigami,kuni1268,,,,
puno1238,Puno,puno1238,,,,
tons1240,Tonsea,tons1240,,,,
paco1243,Pacoh,paco1243,,,,
trum1247,Trumai,trum1247,,,,
sene1264,Seneca,sene1264,,,,
shus1248,Shuswap,shus1248,,,,
empl1237,Emplawas,empl1237,,,,
haza1239,Hazara,haza1239,,,,
kona1242,Konai,kona1242,,,,
kaja1250,Kajaman,kaja1250,,,,
apal1257,Apalai,apal1257,,,,
mese1244,Mesme,mese1244,,,,
cent2134,Nahuatl-Huasteca,cent2134,,,,
west2450,Limba-Central-West,west2450,,,,
gang1266,Gangte,gang1266,,,,
iban1264,Iban,iban1264,,,,
cigb1235,Waci-Gbe,cigb1235,,,,
femb1238,Fembe,femb1238,,,,
buki1248,Bukitan,buki1248,,,,
nyak1260,Nyakyusa,nyak1260,,,,
hozo1236,Hozo,hozo1236,,,,
brer1240,Breri,brer1240,,,,
waxi1236,Waxianghua,waxi1236,,,,
bugu1246,Bugun-Khowa,bugu1246,,,,
motl1237,Motlav,motl1237,,,,
anam1249,Anambe,anam1249,,,,
gitu1237,Gitua,gitu1237,,,,
kono1265,Konongo,kono1265,,,,
bani1255,Baniwa,bani1255,,,,
cimb1238,Cimbrian,cimb1238,,,,
kuni1267,Kunimaipa,kuni1267,,,,
sout2728,Qiang-South,sout2728,,,,
jude1256,Tati-Judeo,jude1256,,,,
mamp1244,Mampruli,mamp1244,,,,
nuba1241,Nubaca,nuba1241,,,,
halk1245,Halkomelem,halk1245,,,,
farw1235,Muria-Far-Western,farw1235,,,,
kokb1239,Kok-Borok,kokb1239,,,,
noku1237,Nokuku,noku1237,,,,
agar1252,Agarabi,agar1252,,,,
bama1251,Bamali,bama1251,,,,
ixca1245,Ixcatec,ixca1245,,,,
luxe1241,Luxembourg,luxe1241,,,,
adam1253,Fulfulde-Adamawa,adam1253,,,,
baik1238,Baikeno-Timorese,baik1238,,,,
balu1257,Baluan,balu1257,,,,
west2643,Mixteco-Western-Juxtlahuaca,west2643,,,,
amdo1237,Amdo-Tibetan,amdo1237,,,,
muse1242,Musey,muse1242,,,,
cutc1238,Swahili,cutc1238,,,,
kane1243,Kanembu,kane1243,,,,
guaj1255,Guajajara,guaj1255,,,,
molb1237,Molbog,molb1237,,,,
jura1242,Juray,jura1242,,,,
lolo1264,Loloda,lolo1264,,,,
mudh1235,Gadaba,mudh1235,,,,
east2342,Kayah-Eastern,east2342,,,,
jehh1245,Jeh,jehh1245,,,,
bobo1255,Bobongko,bobo1255,,,,
araw1276,Arawakan,araw1276,,,,
seda1262,Sedang,seda1262,,,,
bath1244,Bathari,bath1244,,,,
megl1237,Meglenoromanian,megl1237,,,,
leha1242,Lehar,leha1242,,,,
bagi1246,Bagirmi,bagi1246,,,,
makl1245,Makarero,makl1245,,,,
patp1243,Patpatar,patp1243,,,,
west2418,Magar-West,west2418,,,,
chig1238,Chiga,chig1238,,,,
rong1268,Rongga,rong1268,,,,
baha1258,Baham,baha1258,,,,
dzaa1238,Dza-Jenjo,dzaa1238,,,,
sema1265,Semaq Beri,sema1265,,,,
mong1342,Mongondow,mong1342,,,,
muya1243,Muyang,muya1243,,,,
mand1444,Manobo-Ata,mand1444,,,,
remb1250,Rembong,remb1250,,,,
rapa1244,Rapanui,rapa1244,,,,
mont1268,Montagnais,mont1268,,,,
momu1241,Momuna,momu1241,,,,
rang1267,Ranglong,rang1267,,,,
idat1237,Idate,idat1237,,,,
ewon1239,Ewondo,ewon1239,,,,
bako1249,Bakoko,bako1249,,,,
kand1301,Kandas,kand1301,,,,
huuu1240,Hu,huuu1240,,,,
tagi1241,Tagin,tagi1241,,,,
baka1273,Bakaka,baka1273,,,,
doma1258,Domari,doma1258,,,,
tula1252,Tula-NG,tula1252,,,,
pent1242,Pentlatch,pent1242,,,,
gimm1241,Gimme,gimm1241,,,,
uppe1438,Upper-Kuskokwim,uppe1438,,,,
luba1250,Luba-Katanga,luba1250,,,,
amha1245,Amharic,amha1245,,,,
wich1260,Wichita,wich1260,,,,
bahi1252,Bahing,bahi1252,,,,
dumi1241,Dumi,dumi1241,,,,
jadd1243,Jad,jadd1243,,,,
jara1274,Jarai,jara1274,,,,
natu1246,Natugu,natu1246,,,,
loma1258,Loma,loma1258,,,,
logu1236,LogudoreseSardinian,logu1236,,,,
eloy1241,Eloyi,eloy1241,,,,
koro1296,Koroshi,koro1296,,,,
waha1238,Kenyah-Wahau-Lebo,waha1238,,,,
yine1238,Yine-Piro,yine1238,,,,
kwom1262,Kwoma-PNG,kwom1262,,,,
lyng1241,Lyngngam,lyng1241,,,,
ndem1249,Ndemli,ndem1249,,,,
kons1243,Konso,kons1243,,,,
pala1342,Senufo-Palaka,pala1342,,,,
east2288,EastFrisian,east2288,,,,
lill1248,Lillooet,lill1248,,,,
seke1241,Seke,seke1241,,,,
mama1271,Senufo-Mamara,mama1271,,,,
yamd1240,Yamdena,yamd1240,,,,
laka1255,Lakalei,laka1255,,,,
bask1236,Basketto,bask1236,,,,
gagn1235,Bete-Gagnoa,gagn1235,,,,
hehe1240,Hehe,hehe1240,,,,
panc1247,Pancana,panc1247,,,,
kick1244,Kickapoo,kick1244,,,,
chic1270,Chickasaw,chic1270,,,,
boli1255,Bola,boli1255,,,,
bamu1256,Bamunka,bamu1256,,,,
hemb1242,Hema,hemb1242,,,,
chay1248,Chayahuita,chay1248,,,,
isna1241,Isnag,isna1241,,,,
nucl1440,Masalit,nucl1440,,,,
soqo1240,Soqotri,soqo1240,,,,
kham1290,Khamti,kham1290,,,,
bamb1266,Bambili,bamb1266,,,,
bamu1254,Bamukumbit,bamu1254,,,,
kham1291,Kamang,kham1291,,,,
sanm1298,Triqui-Itunyoso,sanm1298,,,,
lugu1238,Luguru,lugu1238,,,,
weta1242,Wetamut,weta1242,,,,
hulu1246,Thulung,hulu1246,,,,
heyo1240,Heyo-PNG,heyo1240,,,,
nupe1254,Nupe,nupe1254,,,,
sala1266,Salar,sala1266,,,,
orum1241,Ouma,orum1241,,,,
yazg1240,Yazgulami,yazg1240,,,,
gads1258,Gadsup,gads1258,,,,
east2387,Limba-East,east2387,,,,
hupd1244,Hupde,hupd1244,,,,
pona1250,Ponam,pona1250,,,,
yami1256,Yaminahua,yami1256,,,,
mewa1250,Mewati,mewa1250,,,,
seru1244,Serui-Laut,seru1244,,,,
hewa1241,Hewa,hewa1241,,,,
sher1257,Sherdukpen,sher1257,,,,
rapa1245,Rapa,rapa1245,,,,
sanp1260,Amuzgo-San-Pedro,sanp1260,,,,
kukk1239,Kuk-CM,kukk1239,,,,
yuro1248,Yurok,yuro1248,,,,
west2557,Subanon-Western,west2557,,,,
squa1248,Squamish,squa1248,,,,
zang1255,Zangwal,zang1255,,,,
capp1239,Greek,capp1239,,,,
tetu1246,Tetun,tetu1246,,,,
thai1261,Thami,thai1261,,,,
maha1291,Mahali,maha1291,,,,
mari1430,Mariri,mari1430,,,,
keny1279,Kenyang,keny1279,,,,
azhe1235,Yi-Azhe,azhe1235,,,,
gede1246,Gedeo,gede1246,,,,
ndog1248,Ndogo,ndog1248,,,,
arao1248,Araona,arao1248,,,,
arib1240,Aribwaung-Yalu,arib1240,,,,
labo1244,Labo-Ninde,labo1244,,,,
barg1252,Bargam,barg1252,,,,
ngit1239,Ngiti,ngit1239,,,,
kend1254,Kendayan-Selako,kend1254,,,,
nend1239,Nen,nend1239,,,,
cota1241,Manobo-Cotabato,cota1241,,,,
awac1239,Awa-Cuaiquer,awac1239,,,,
sout2991,Quechua-Bolivian,sout2991,,,,
amah1246,Amahuaca,amah1246,,,,
cent2072,Masela-Central,cent2072,,,,
masb1238,Masbatenyo,masb1238,,,,
mono1270,Mono-Congo,mono1270,,,,
hano1246,Hano-Raga,hano1246,,,,
kepo1237,Keo,kepo1237,,,,
watu1247,Watubela,watu1247,,,,
barz1241,Barzani Jewish,barz1241,,,,
meno1252,Menominee,meno1252,,,,
hlep1236,Yi-Hlepho-Phowa,hlep1236,,,,
nucl1683,Daba,nucl1683,,,,
arbe1236,Albanian,arbe1236,,,,
mbug1242,Mbugwe,mbug1242,,,,
kire1240,Kimre,kire1240,,,,
rutu1240,Rutul,rutu1240,,,,
mali1279,Malila,mali1279,,,,
anim1239,Animere,anim1239,,,,
wanu1241,Wanukaka,wanu1241,,,,
zauz1238,Zauzou,zauz1238,,,,
nung1283,Nung,nung1283,,,,
mama1277,Mamasa,mama1277,,,,
huas1242,Huastec-San-Luís-Potosí,huas1242,,,,
kwaa1269,Kwami,kwaa1269,,,,
xish1235,Yi-Lalo-Xishanba,xish1235,,,,
luto1241,Lutos,luto1241,,,,
wand1278,Wandala,wand1278,,,,
anti1245,English,anti1245,,,,
taga1278,Tagargrent,taga1278,,,,
gapa1238,Gapapaiwa,gapa1238,,,,
lish1245,Lishanid-Noshan,lish1245,,,,
efik1245,Efik,efik1245,,,,
seco1241,Secoya,seco1241,,,,
mika1239,Mikasuki,mika1239,,,,
tani1257,Tanimuca,tani1257,,,,
bate1261,Bateri,bate1261,,,,
ikaa1238,Lika,ikaa1238,,,,
dobe1238,Dobel,dobe1238,,,,
gwan1268,Gwandara,gwan1268,,,,
wara1300,Waray-Waray,wara1300,,,,
engg1245,Enggano,engg1245,,,,
giny1241,Giinyanga,giny1241,,,,
mund1328,Mundabli,mund1328,,,,
nucl1649,Tsimshian,nucl1649,,,,
copa1236,Zoque-Copainala,copa1236,,,,
ugon1239,Ugong,ugon1239,,,,
etul1245,Etulo,etul1245,,,,
adho1243,Adhola,adho1243,,,,
subi1246,Subiya,subi1246,,,,
dual1243,Duala,dual1243,,,,
okol1241,Okolod,okol1241,,,,
iraq1241,Iraqw,iraq1241,,,,
uppe1437,Upper-Tanana,uppe1437,,,,
embe1259,Embera-Baudo,embe1259,,,,
gros1243,Gros-Ventre,gros1243,,,,
khva1239,Khvarshi,khva1239,,,,
tuku1254,Tukudede,tuku1254,,,,
laal1241,Bwamu-Laa,laal1241,,,,
maor1244,Comorian,maor1244,,,,
clal1241,Clallam,clal1241,,,,
isth1244,Zapotec-Isthmus-Juchitan,isth1244,,,,
laha1250,Laha,laha1250,,,,
kora1296,Koryak,kora1296,,,,
moma1242,Moma,moma1242,,,,
dawr1236,Gamo-Gofa-Dawro,dawr1236,,,,
samt1238,Samtao,samt1238,,,,
pras1239,Prasun,pras1239,,,,
suba1238,Suba-Bantu,suba1238,,,,
anfi1235,Anfillo,anfi1235,,,,
ixca1246,Mazatec-Ixcatlan,ixca1246,,,,
yoku1256,Yokuts,yoku1256,,,,
okie1245,Okiek-Akie,okie1245,,,,
kara1465,Karachay,kara1465,,,,
cerm1238,Cerma,cerm1238,,,,
kani1279,Kaningi,kani1279,,,,
wuna1248,Wunai,wuna1248,,,,
thao1240,Tho,thao1240,,,,
yulu1243,Yulu,yulu1243,,,,
ekar1243,Ekari,ekar1243,,,,
geru1240,Geruma,geru1240,,,,
maga1263,Ayta-Mag-Anchi,maga1263,,,,
vame1236,Vame,vame1236,,,,
yeii1239,Yeyi,yeii1239,,,,
kova1243,Kovai,kova1243,,,,
mula1253,Mulam,mula1253,,,,
tuge1241,Tugen,tuge1241,,,,
meng1267,Mengen,meng1267,,,,
nawd1238,Nawdm,nawd1238,,,,
agut1237,Agutaynon,agut1237,,,,
ibib1240,Ibibio,ibib1240,,,,
east2447,Futuna-East,east2447,,,,
urii1240,Uri-PNG,urii1240,,,,
khar1287,Kharia,khar1287,,,,
saba1262,Sabaot,saba1262,,,,
coco1261,Cocopa,coco1261,,,,
paum1247,Paumari,paum1247,,,,
vasa1239,Vasavi,vasa1239,,,,
taul1251,Tulil,taul1251,,,,
osam1235,Samaye,osam1235,,,,
wara1303,Warao,wara1303,,,,
tana1281,Tanapag,tana1281,,,,
seru1246,Murut-Serudung,seru1246,,,,
arem1240,Arem,arem1240,,,,
koro1316,Koro-India,koro1316,,,,
luan1263,Luang,luan1263,,,,
nucl1695,Bole,nucl1695,,,,
bata1293,Batak-Karo,bata1293,,,,
wutu1244,Wutung,wutu1244,,,,
dagi1241,Dagik,dagi1241,,,,
west2458,Banda-South-Central,west2458,,,,
matu1261,Matukar,matu1261,,,,
bugh1239,Bughotu,bugh1239,,,,
ubyk1235,Ubykh,ubyk1235,,,,
elip1238,Elip,elip1238,,,,
kuuk1238,U,kuuk1238,,,,
chak1266,Chakma,chak1266,,,,
tali1259,Talise,tali1259,,,,
kinn1249,Harijian-Kinnauri,kinn1249,,,,
wori1246,Woria,wori1246,,,,
gida1247,Gidar,gida1247,,,,
temi1247,Temi-Sonjo,temi1247,,,,
dara1250,Darai,dara1250,,,,
kumb1274,Kumbewaha,kumb1274,,,,
harz1239,Harzani,harz1239,,,,
naka1260,Nzakara,naka1260,,,,
kauw1242,Kauwera,kauw1242,,,,
edop1238,Edopi,edop1238,,,,
bent1238,Dogon-Ben-Tey,bent1238,,,,
papa1268,Papar,papa1268,,,,
masa1322,Masana,masa1322,,,,
gitx1241,Gitxsan,gitx1241,,,,
bann1247,Banoni,bann1247,,,,
youl1235,Jinou-Youle,youl1235,,,,
idom1241,Idoma,idom1241,,,,
masa1300,Maasai,masa1300,,,,
desi1235,Desiya,desi1235,,,,
toke1240,Tokelauan,toke1240,,,,
ters1235,Sami-Ter,ters1235,,,,
obom1235,Manobo-Obo,obom1235,,,,
hiju1238,Hijuk,hiju1238,,,,
kute1249,Kutenai,kute1249,,,,
nden1249,Ndendeule,nden1249,,,,
kosr1238,Kusaiean-Kosraean,kosr1238,,,,
yoke1238,Yoke-Papuan,yoke1238,,,,
maiw1251,Maiwa,maiw1251,,,,
dava1245,Davawenyo,dava1245,,,,
tobi1238,Tobian,tobi1238,,,,
goro1259,Gorontalo,goro1259,,,,
chan1313,Chang-Naga,chan1313,,,,
extr1243,Extremaduran,extr1243,,,,
yima1243,Yimas,yima1243,,,,
maxi1236,Maxi-Gbe,maxi1236,,,,
okod1238,Okordia,okod1238,,,,
daat1234,Daatsiin,daat1234,,,,
maku1273,Naga-Makuri,maku1273,,,,
taro1264,Tarok,taro1264,,,,
suab1238,Suabo,suab1238,,,,
mais1250,Maisin,mais1250,,,,
yalu1240,Yalunka,yalu1240,,,,
arik1262,Arikara,arik1262,,,,
wamp1247,Wampar,wamp1247,,,,
ikkk1242,Ik,ikkk1242,,,,
brok1247,Brokskad,brok1247,,,,
gayo1244,Gayo,gayo1244,,,,
woge1237,Wogeo,woge1237,,,,
kano1244,Kanowit,kano1244,,,,
sipa1247,Sipakapenese,sipa1247,,,,
lauu1247,Lau-AN,lauu1247,,,,
dhat1238,Dhatki,dhat1238,,,,
kpla1238,Kplang,kpla1238,,,,
bata1285,Batanga,bata1285,,,,
seim1238,Seimat,seim1238,,,,
suba1252,Suba-Simbiti,suba1252,,,,
bada1258,Mada-Nigeria,bada1258,,,,
east2558,Chatino-Western-Highland,east2558,,,,
uduk1239,Uduk,uduk1239,,,,
keri1250,Kerinci,keri1250,,,,
sout2790,Birifor-Southern,sout2790,,,,
nucl1651,Wintu,nucl1651,,,,
khue1238,Khuen,khue1238,,,,
biga1238,Biga-Maluku,biga1238,,,,
kash1277,Kashmiri,kash1277,,,,
nata1254,Amis,nata1254,,,,
mina1276,Mina,mina1276,,,,
siny1243,Sinyar,siny1243,,,,
cavi1250,Cavinena,cavi1250,,,,
khia1236,Khiamniungan,khia1236,,,,
mend1261,Mendankwe,mend1261,,,,
ngem1255,Ngemba-Mankon,ngem1255,,,,
butb1235,Kalinga-Butbut,butb1235,,,,
tela1241,Tela-Masbuar,tela1241,,,,
brib1243,Bribari,brib1243,,,,
bian1251,Marind-Upper-Bian,bian1251,,,,
awad1243,Awadhi,awad1243,,,,
tomo1243,Dogon-Togo-Kan,tomo1243,,,,
otta1242,Ottawa,otta1242,,,,
negi1245,Negidal,negi1245,,,,
nips1240,Nipsan,nips1240,,,,
gala1264,Galambu,gala1264,,,,
lezg1247,Lezgian,lezg1247,,,,
arhu1242,Arhuaco-Ika,arhu1242,,,,
vlax1238,Romani-Vlax,vlax1238,,,,
glio1241,Glio-Oubi,glio1241,,,,
nort2907,We-Northern,nort2907,,,,
galo1242,Galo,galo1242,,,,
adio1239,Adioukrou,adio1239,,,,
lavu1241,Lavukaleve,lavu1241,,,,
zagh1240,Zaghawa,zagh1240,,,,
chip1262,Chipaya,chip1262,,,,
lomb1254,Lobi,lomb1254,,,,
bata1291,Batak-Mandaling,bata1291,,,,
zire1244,Zerenkel,zire1244,,,,
bahn1262,Bahnar,bahn1262,,,,
nauk1242,Naukan,nauk1242,,,,
bant1288,Bantoanon,bant1288,,,,
kirg1245,Kirghiz,kirg1245,,,,
yala1263,Yala,yala1263,,,,
besm1235,Besme,besm1235,,,,
lava1239,Lavatbura-Lamusong,lava1239,,,,
ghot1243,Ghotuo,ghot1243,,,,
miam1252,Miami-Illinois,miam1252,,,,
thar1283,Tharaka,thar1283,,,,
tali1257,Talieng,tali1257,,,,
baro1252,Barombi,baro1252,,,,
chau1259,Chaudangsi,chau1259,,,,
lowl1265,Tarahumara-Lowland,lowl1265,,,,
yuru1263,Yuruti,yuru1263,,,,
saaa1241,Sa-Vanuatu,saaa1241,,,,
dogr1250,Dogri,dogr1250,,,,
jaqa1244,Jaqaru,jaqa1244,,,,
niel1243,Niellim,niel1243,,,,
azha1235,Yi-Azha,azha1235,,,,
duwa1244,Duwai,duwa1244,,,,
kalm1243,Kalmyk,kalm1243,,,,
yong1280,Yonggom,yong1280,,,,
sain1246,French,sain1246,,,,
paus1244,Pauserna-Guarasu,paus1244,,,,
caml1239,Camling,caml1239,,,,
goro1270,Gorowa,goro1270,,,,
malb1235,Birifor-Malba,malb1235,,,,
nort3047,Gizga-North,nort3047,,,,
miya1259,Miyako,miya1259,,,,
kota1279,Kota,kota1279,,,,
dira1242,Dirasha,dira1242,,,,
iris1253,Irish,iris1253,,,,
seri1257,Seri,seri1257,,,,
jola1263,Jola-Fonyi,jola1263,,,,
valp1237,Valpei,valp1237,,,,
koti1238,Koti,koti1238,,,,
ronj1237,Ronji,ronj1237,,,,
tifa1245,Tifal,tifa1245,,,,
kwak1266,Kwaku,kwak1266,,,,
onob1238,Onobasulu,onob1238,,,,
cara1270,Chara,cara1270,,,,
tiwa1253,Teiwa,tiwa1253,,,,
pary1242,Parya,pary1242,,,,
ahte1237,Ahtena,ahte1237,,,,
chan1309,Changthang,chan1309,,,,
bash1264,Bashkir,bash1264,,,,
bekw1242,Bekwel,bekw1242,,,,
maza1291,Mazaderani,maza1291,,,,
kany1247,Kanyok,kany1247,,,,
hiri1237,Motu,hiri1237,,,,
abai1240,Abai-Sungai,abai1240,,,,
ikpe1245,Ikpeng,ikpe1245,,,,
somy1238,Somyev,somy1238,,,,
bakh1245,Bakhtiari,bakh1245,,,,
bebe1248,Bebele,bebe1248,,,,
malo1243,Malo-Tamambo,malo1243,,,,
naka1262,Nakanai,naka1262,,,,
pich1237,Asheninka-Pichis,pich1237,,,,
magi1241,Ayta-Indi Ayta,magi1241,,,,
krah1246,Kraho,krah1246,,,,
uppe1439,Upper-Chehalis,uppe1439,,,,
laim1240,Laimbue,laim1240,,,,
west2465,Sisaala-Western,west2465,,,,
pari1256,Prai,pari1256,,,,
oroc1248,Orochi,oroc1248,,,,
mull1237,Mullukmulluk,mull1237,,,,
yaou1238,Yaoure,yaou1238,,,,
pech1241,Pech,pech1241,,,,
polo1242,Polonombauk,polo1242,,,,
anak1240,Anakalangu,anak1240,,,,
godi1239,Godie,godi1239,,,,
ilon1239,Ilongot,ilon1239,,,,
ceba1235,Senufo-Cebara,ceba1235,,,,
nugu1241,Nugunu,nugu1241,,,,
neoa1234,Neyo,neoa1234,,,,
khar1283,Tharu-Kathariya,khar1283,,,,
kiok1239,Kioko,kiok1239,,,,
meya1236,Meyah,meya1236,,,,
bend1260,Bete-Bendi,bend1260,,,,
mara1397,Marau-Papua,mara1397,,,,
mutu1242,Mutu,mutu1242,,,,
tobe1252,Tobelo,tobe1252,,,,
nyan1308,Nyanja,nyan1308,,,,
mbul1262,Mbule,mbul1262,,,,
notr1240,Notre,notr1240,,,,
bero1242,Berom,bero1242,,,,
bain1261,Banyun-Gunyaamolo,bain1261,,,,
tote1238,Totela,tote1238,,,,
vaag1238,Vaagri-Booli-Hakki-Pikki,vaag1238,,,,
awji1241,Awjilah,awji1241,,,,
kaya1328,Kayagar,kaya1328,,,,
esan1238,Esan,esan1238,,,,
poli1260,Polish,poli1260,,,,
kobi1241,Kobiana,kobi1241,,,,
wawa1246,Wawa,wawa1246,,,,
mpad1242,Mpade,mpad1242,,,,
vaip1239,Vaiphei,vaip1239,,,,
ndoo1241,Ndoola,ndoo1241,,,,
aghu1253,Aghul,aghu1253,,,,
kalu1247,Kalumpang,kalu1247,,,,
crow1244,Crow,crow1244,,,,
xamt1239,Xamtanga,xamt1239,,,,
luhu1243,Luhu-Maluku,luhu1243,,,,
chal1275,Chaldean,chal1275,,,,
neko1240,Nek,neko1240,,,,
ling1263,Lingala,ling1263,,,,
masi1266,Masiwang,masi1266,,,,
anat1248,Dogon-Nanga,anat1248,,,,
phan1254,Phana,phan1254,,,,
asut1235,Asu,asut1235,,,,
nara1262,Lala-Nara,nara1262,,,,
gwer1238,Gwere,gwer1238,,,,
band1340,Bandial,band1340,,,,
kaby1243,Kabyle,kaby1243,,,,
chit1248,Chitimacha,chit1248,,,,
lusi1240,Lusi,lusi1240,,,,
mbos1242,Mboshi,mbos1242,,,,
sout2857,Naahai-South-West-Bay,sout2857,,,,
kara1478,Kara-PNG,kara1478,,,,
vito1235,Vitu,vito1235,,,,
tbol1240,Tboli,tbol1240,,,,
wand1264,Rwanda,wand1264,,,,
kera1248,Kera,kera1248,,,,
lamo1244,Lamogai,lamo1244,,,,
piar1243,Piaroa,piar1243,,,,
nimb1256,Simbari,nimb1256,,,,
west2650,Cham-Eastern,west2650,,,,
duke1237,Duke-Nduke,duke1237,,,,
kwaz1243,Kwaza,kwaz1243,,,,
bago1245,Bago-Kusuntu,bago1245,,,,
sire1246,Sirenik,sire1246,,,,
kuru1305,Kurudu,kuru1305,,,,
nyin1250,Nyindrou,nyin1250,,,,
kaga1256,Kagayanen,kaga1256,,,,
bara1375,Barapasi,bara1375,,,,
nots1237,Notsi,nots1237,,,,
anei1239,Aneityum,anei1239,,,,
shon1251,Shona,shon1251,,,,
budu1265,Buduma,budu1265,,,,
dang1274,Dangla,dang1274,,,,
auuu1241,Au-PNG,auuu1241,,,,
yint1235,Karen-Yintale,yint1235,,,,
ngan1291,Nganasan,ngan1291,,,,
maza1296,Mazatec-Mazatlan,maza1296,,,,
tsam1247,Tsamai,tsam1247,,,,
aton1241,Atong,aton1241,,,,
ning1274,Ninggirum,ning1274,,,,
njeb1242,Njebi,njeb1242,,,,
shek1243,Shekhawati,shek1243,,,,
pahn1237,Pa-Hng,pahn1237,,,,
huil1244,Huilliche,huil1244,,,,
zotu1235,Chin-Zotung,zotu1235,,,,
lopi1243,Lopit,lopi1243,,,,
anda1280,Hindi,anda1280,,,,
asur1254,Suri,asur1254,,,,
moyo1238,Moyon,moyo1238,,,,
yura1255,Yuracare,yura1255,,,,
lawu1237,Lawunuia-Piva,lawu1237,,,,
naha1261,Nahali,naha1261,,,,
tsum1240,Tsum,tsum1240,,,,
iumi1238,Iu-Mien,iumi1238,,,,
kapi1249,Kapingamarangi,kapi1249,,,,
tomi1243,Tomini,tomi1243,,,,
makw1236,Makwe,makw1236,,,,
guiq1238,Guiqiong,guiq1238,,,,
akoo1248,Akoose,akoo1248,,,,
selu1242,Seluwasan,selu1242,,,,
rong1266,Rongmei,rong1266,,,,
sout1549,Kolami-Southeastern,sout1549,,,,
saka1287,Sakata,saka1287,,,,
kaik1246,Kaike,kaik1246,,,,
bare1276,Abar,bare1276,,,,
koli1253,Subanon-Kalibugan,koli1253,,,,
miuu1237,Miu-My,miuu1237,,,,
pina1252,Pinai-Hagahai,pina1252,,,,
guja1253,Gujarati,guja1253,,,,
pije1237,Pije,pije1237,,,,
pile1238,Pileni,pile1238,,,,
sund1252,Sundanese,sund1252,,,,
boan1243,Boano,boan1243,,,,
whit1267,Gelao-White,whit1267,,,,
mbel1240,Mbelime,mbel1240,,,,
luse1252,Luiseno,luse1252,,,,
tyap1238,Tyap,tyap1238,,,,
kupa1239,Malay-Kupang,kupa1239,,,,
amel1241,Aimele,amel1241,,,,
vari1239,Varisi,vari1239,,,,
bulo1242,Stieng,bulo1242,,,,
diji1241,Dijim-Bwilim,diji1241,,,,
kaib1244,Kaibobo,kaib1244,,,,
muth1236,Muthuvan,muth1236,,,,
siss1242,Sissala,siss1242,,,,
butu1244,Butuanon,butu1244,,,,
darf1239,Fur,darf1239,,,,
tora1259,Torau,tora1259,,,,
labi1245,Labir-Jalu,labi1245,,,,
usar1243,Usarufa,usar1243,,,,
neap1235,Neapolitan,neap1235,,,,
baku1263,Bakumpai,baku1263,,,,
arag1245,Aragonese,arag1245,,,,
liji1238,Lijili,liji1238,,,,
fonn1241,Fon-Gbe,fonn1241,,,,
moks1248,Moksha,moks1248,,,,
kere1280,Kerek,kere1280,,,,
ngas1240,Angas,ngas1240,,,,
sout2715,Ghale-South,sout2715,,,,
moro1287,Moronene,moro1287,,,,
tang1372,Tanglang,tang1372,,,,
haus1257,Hausa,haus1257,,,,
kuta1241,Ghale-Kutang-Kuke,kuta1241,,,,
hili1240,Hiligaynon,hili1240,,,,
cham1312,Chamorro,cham1312,,,,
bela1255,Belanda-Viri,bela1255,,,,
arap1275,Arapaho,arap1275,,,,
mand1446,Mandayan,mand1446,,,,
chal1269,Chala,chal1269,,,,
diri1252,Diriku,diri1252,,,,
fala1243,Chin-Falam,fala1243,,,,
bilb1241,Bilbil,bilb1241,,,,
batu1258,Batuley,batu1258,,,,
gogo1263,Gogo,gogo1263,,,,
ligu1248,Ligurian,ligu1248,,,,
fare1241,Areare,fare1241,,,,
nyan1315,Nyangatom,nyan1315,,,,
leng1258,Lengola,leng1258,,,,
abad1241,Gabadi,abad1241,,,,
cish1238,Tsishingini,cish1238,,,,
mber1257,Mbere,mber1257,,,,
guru1271,Guruntum,guru1271,,,,
hadz1240,Hadza,hadz1240,,,,
buhu1237,Buhutu,buhu1237,,,,
holi1239,Holiya,holi1239,,,,
fata1247,Fataluku,fata1247,,,,
rett1240,Retta,rett1240,,,,
nucl1305,Kannada,nucl1305,,,,
toba1266,Tobati-Yotafa,toba1266,,,,
kara1474,Karata,kara1474,,,,
bwek1238,Karen-Bwe,bwek1238,,,,
maga1260,Magahi-Khortha,maga1260,,,,
